경상북도수목원,36.21982072,129.2594912,725490,203240,209721,220529,92000
경상북도수목원,36.21982072,129.2594912,0,0,0,0,0
경상북도수목원,36.21982072,129.2594912,725490,203240,209721,220529,92000
구룡포과메기문화관,35.9928619,129.5610131,1149179,454556,527725,134613,32285
구룡포과메기문화관,35.9928619,129.5610131,1149179,454556,527725,134613,32285
구룡포근대문화역사관,35.99154086,129.5611662,1086049,290170,429506,321783,44590
구룡포근대문화역사관,35.99154086,129.5611662,10519,4308,3917,1975,319
구룡포근대문화역사관,35.99154086,129.5611662,1096568,294478,433423,323758,44909
국립등대박물관,36.07838738,129.5683728,1949802,952369,967135,25692,4606
국립등대박물관,36.07838738,129.5683728,0,0,0,0,0
국립등대박물관,36.07838738,129.5683728,1949802,952369,967135,25692,4606
귀비고,36.00341143,129.4607273,581812,0,396801,136719,48292
귀비고,36.00341143,129.4607273,581812,0,396801,136719,48292
기청산식물원,36.19527391,129.332778,38405,15227,12708,6640,3830
기청산식물원,36.19527391,129.332778,0,0,0,0,0
기청산식물원,36.19527391,129.332778,38405,15227,12708,6640,3830
덕동문화마을,36.16772435,129.1849121,43362,16514,25124,1119,605
덕동문화마을,36.16772435,129.1849121,1256,750,506,0,0
덕동문화마을,36.16772435,129.1849121,44618,17264,25630,1119,605
덕실마을(대통령고향마을),36.12380127,129.3379344,88060,50159,26187,8945,2769
덕실마을(대통령고향마을),36.12380127,129.3379344,133,75,57,0,1
덕실마을(대통령고향마을),36.12380127,129.3379344,88193,50234,26244,8945,2770
보경사,36.2562494,129.315788,1014690,340885,366400,207472,99933
보경사,36.2562494,129.315788,11686,4225,4567,1870,1024
보경사,36.2562494,129.315788,1026376,345110,370967,209342,100957
사방기념공원,36.16602369,129.3982005,287392,71968,71159,92382,51883
사방기념공원,36.16602369,129.3982005,716,194,522,0,0
사방기념공원,36.16602369,129.3982005,288108,72162,71681,92382,51883
새마을기념관,36.08704362,129.1852047,94187,41247,46572,6368,0
새마을기념관,36.08704362,129.1852047,1347,503,807,37,0
새마을기념관,36.08704362,129.1852047,95534,41750,47379,6405,0
새천년기념관,36.07692497,129.5671922,1306646,1218223,58717,22182,7524
새천년기념관,36.07692497,129.5671922,9151,9151,0,0,0
새천년기념관,36.07692497,129.5671922,1315797,1227374,58717,22182,7524
영일만크루즈,36.04439589,129.3738586,107017,64363,42654,0,0
영일만크루즈,36.04439589,129.3738586,0,0,0,0,0
영일만크루즈,36.04439589,129.3738586,107017,64363,42654,0,0
영일민속박물관,36.11174909,129.3472708,27162,9236,10186,5174,2566
영일민속박물관,36.11174909,129.3472708,495,175,177,96,47
영일민속박물관,36.11174909,129.3472708,27657,9411,10363,5270,2613
오어사,35.92700941,129.3689556,809252,293390,265353,158674,91835
오어사,35.92700941,129.3689556,8116,3456,2638,1394,628
오어사,35.92700941,129.3689556,817368,296846,267991,160068,92463
포스코,36.00753617,129.3891663,122148,56337,56002,2900,6909
포스코,36.00753617,129.3891663,8140,4062,3944,129,5
포스코,36.00753617,129.3891663,130288,60399,59946,3029,6914
포스코역사관,35.99755227,129.3870399,86249,38370,39945,3500,4434
포스코역사관,35.99755227,129.3870399,5889,3006,2775,108,0
포스코역사관,35.99755227,129.3870399,92138,41376,42720,3608,4434
포항가속기연구소,36.02393016,129.3156088,14798,7384,6532,711,171
포항가속기연구소,36.02393016,129.3156088,1246,908,319,19,0
포항가속기연구소,36.02393016,129.3156088,16044,8292,6851,730,171
포항시립미술관,36.06694763,129.3913616,725338,408807,290814,14793,10924
포항시립미술관,36.06694763,129.3913616,0,0,0,0,0
포항시립미술관,36.06694763,129.3913616,725338,408807,290814,14793,10924
포항운하홍보관,36.03311247,129.3738945,325631,131329,119132,42942,32228
포항운하홍보관,36.03311247,129.3738945,382,65,317,0,0
포항운하홍보관,36.03311247,129.3738945,326013,131394,119449,42942,32228
포항함,36.04173084,129.3722447,187743,79530,76920,21517,9776
포항함,36.04173084,129.3722447,797,278,375,36,108
포항함,36.04173084,129.3722447,188540,79808,77295,21553,9884
한국로봇융합연구원,36.01133149,129.3266569,42236,17349,18148,4664,2075
한국로봇융합연구원,36.01133149,129.3266569,393,296,97,0,0
한국로봇융합연구원,36.01133149,129.3266569,42629,17645,18245,4664,2075
경주 동궁과 월지,35.83549131,129.226646,4004564,1415595,1598817,809649,180503
경주 동궁과 월지,35.83549131,129.226646,0,0,0,0,0
경주 동궁과 월지,35.83549131,129.226646,4004564,1415595,1598817,809649,180503
경주 세계문화엑스포공원,35.83429203,129.2911938,1458417,326204,908501,192725,30987
경주 세계문화엑스포공원,35.83429203,129.2911938,2523,0,0,2523,0
경주 세계문화엑스포공원,35.83429203,129.2911938,1460940,326204,908501,195248,30987
경주 양동마을,36.0032432,129.2550876,445983,154470,197076,80310,14127
경주 양동마을,36.0032432,129.2550876,54903,26744,25862,2297,0
경주 양동마을,36.0032432,129.2550876,500886,181214,222938,82607,14127
경주 오릉,35.82317643,129.2085429,158516,43729,49276,53338,12173
경주 오릉,35.82317643,129.2085429,158516,43729,49276,53338,12173
경주 토함산 (불국사탐방로 제외),35.75944749,129.3754987,1405388,188106,190259,819668,207355
경주 토함산 (불국사탐방로 제외),35.75944749,129.3754987,1405388,188106,190259,819668,207355
경주감은사지,35.74898365,129.476842,261615,100201,119950,35676,5788
경주감은사지,35.74898365,129.476842,261615,100201,119950,35676,5788
경주동궁원,35.85119547,129.264335,1006752,370927,412235,170636,52954
경주동궁원,35.85119547,129.264335,3443,1220,1048,1175,0
경주동궁원,35.85119547,129.264335,1010195,372147,413283,171811,52954
경주월드,35.8381494,129.2821734,3195489,1216101,1228621,624392,126375
경주월드,35.8381494,129.2821734,0,0,0,0,0
경주월드,35.8381494,129.2821734,3195489,1216101,1228621,624392,126375
경주테디베어박물관,35.85232636,129.2772804,0,0,0,0,0
경주테디베어박물관,35.85232636,129.2772804,0,0,0,0,0
교촌한옥마을,35.83027016,129.2149585,720855,352020,261244,84100,23491
교촌한옥마을,35.83027016,129.2149585,720855,352020,261244,84100,23491
구미산,35.88733139,129.1355905,10721,3534,2553,3810,824
구미산,35.88733139,129.1355905,10721,3534,2553,3810,824
기림사,35.83829522,129.4034782,148011,41516,51853,45063,9579
기림사,35.83829522,129.4034782,0,0,0,0,0
기림사,35.83829522,129.4034782,148011,41516,51853,45063,9579
김유신장군묘,35.8474517,129.1921906,195961,63659,78065,43611,10626
김유신장군묘,35.8474517,129.1921906,195961,63659,78065,43611,10626
남산,35.77013969,129.2250404,1049112,305356,323016,342926,77814
남산,35.77013969,129.2250404,1049112,305356,323016,342926,77814
단석산(국립공원),35.79640009,129.0889412,9229,2611,2494,3554,570
단석산(국립공원),35.79640009,129.0889412,9229,2611,2494,3554,570
대릉원,35.83818399,129.2124078,3521887,1191608,1443124,725769,161386
대릉원,35.83818399,129.2124078,3521887,1191608,1443124,725769,161386
무열왕릉,35.82543318,129.1877133,158988,38185,88238,23990,8575
무열왕릉,35.82543318,129.1877133,158988,38185,88238,23990,8575
분황사,35.84131665,129.2333477,270868,83906,90402,85773,10787
분황사,35.84131665,129.2333477,0,0,0,0,0
분황사,35.84131665,129.2333477,270868,83906,90402,85773,10787
불국사,35.79089744,129.3322211,3345337,1138255,1375588,672009,159485
불국사,35.79089744,129.3322211,430418,173702,228348,28368,0
불국사,35.79089744,129.3322211,3775755,1311957,1603936,700377,159485
석굴암,35.7956476,129.3488441,1700006,567983,685183,367458,79382
석굴암,35.7956476,129.3488441,98691,44267,48982,5442,0
석굴암,35.7956476,129.3488441,1798697,612250,734165,372900,79382
소금강산,35.86433602,129.2314077,360527,95492,122702,111025,31308
소금강산,35.86433602,129.2314077,360527,95492,122702,111025,31308
신라역사과학관,35.80693766,129.3113796,49153,23094,24016,1382,661
신라역사과학관,35.80693766,129.3113796,0,0,0,0,0
신라역사과학관,35.80693766,129.3113796,49153,23094,24016,1382,661
양남 주상절리 전망대,35.68686382,129.4745892,1023976,261506,509533,204044,48893
양남 주상절리 전망대,35.68686382,129.4745892,1023976,261506,509533,204044,48893
통일전,35.79937783,129.2392897,572407,293815,237447,34851,6294
통일전,35.79937783,129.2392897,9509,3650,5822,37,0
통일전,35.79937783,129.2392897,581916,297465,243269,34888,6294
포석정,35.80755155,129.2133992,207092,76117,74826,46344,9805
포석정,35.80755155,129.2133992,207092,76117,74826,46344,9805
국립김천치유의숲,35.85221438,128.0022151,39284,0,0,0,39284
국립김천치유의숲,35.85221438,128.0022151,39284,0,0,0,39284
김천녹색미래과학관,36.12516767,128.1845539,433942,179666,209572,34459,10245
김천녹색미래과학관,36.12516767,128.1845539,243,243,0,0,0
김천녹색미래과학관,36.12516767,128.1845539,434185,179909,209572,34459,10245
김천시립미술관,36.11744953,128.1196025,17398,8748,5626,1941,1083
김천시립미술관,36.11744953,128.1196025,247,247,0,0,0
김천시립미술관,36.11744953,128.1196025,17645,8995,5626,1941,1083
김천시립박물관,36.11736526,128.0078616,9377,0,0,0,9377
김천시립박물관,36.11736526,128.0078616,9377,0,0,0,9377
김천실내체육관,36.14385812,128.0865784,122131,61025,49716,11390,0
김천실내체육관,36.14385812,128.0865784,122131,61025,49716,11390,0
김천문화예술회관,36.13887149,128.0890039,43939,12245,30982,712,0
문화예술회관,36.13887149,128.0890039,43939,12245,30982,712,0
부항댐 출렁다리,35.98226355,127.9972349,483146,0,133181,240587,109378
부항댐 출렁다리,35.98226355,127.9972349,483146,0,133181,240587,109378
부항댐(물 문화관),35.9824651,128.0078837,427857,167285,242950,17622,0
부항댐(물 문화관),35.9824651,128.0078837,427857,167285,242950,17622,0
빗내농악전수관,36.18804651,128.2136349,7964,5064,2555,345,0
빗내농악전수관,36.18804651,128.2136349,349,349,0,0,0
빗내농악전수관,36.18804651,128.2136349,8313,5413,2555,345,0
사명대사공원 건강문화원,36.11760909,128.0082193,1441,0,0,0,1441
사명대사공원 건강문화원,36.11760909,128.0082193,1441,0,0,0,1441
사명대사공원 한복체험관,36.1181859,128.0090728,159,0,0,0,159
사명대사공원 한복체험관,36.1181859,128.0090728,159,0,0,0,159
수도계곡,35.89795727,128.0201656,71432,39351,15051,17030,0
수도계곡,35.89795727,128.0201656,108,108,0,0,0
수도계곡,35.89795727,128.0201656,71540,39459,15051,17030,0
수도산 자연휴양림,35.89260092,127.9843803,53060,20577,20657,11826,0
수도산 자연휴양림,35.89260092,127.9843803,18,0,18,0,0
수도산 자연휴양림,35.89260092,127.9843803,53078,20577,20675,11826,0
옛날솜씨마을,35.89644134,128.020068,22009,9917,8955,2875,262
옛날솜씨마을,35.89644134,128.020068,365,226,139,0,0
옛날솜씨마을,35.89644134,128.020068,22374,10143,9094,2875,262
이화만리 녹색농촌 체험마을,36.07265337,128.1771214,13259,5824,3346,2160,1929
이화만리 녹색농촌 체험마을,36.07265337,128.1771214,279,279,0,0,0
이화만리 녹색농촌 체험마을,36.07265337,128.1771214,13538,6103,3346,2160,1929
증산수도계곡캠핑장,35.89806157,128.0200368,20285,4906,9015,5634,730
증산수도계곡캠핑장,35.89806157,128.0200368,0,0,0,0,0
증산수도계곡캠핑장,35.89806157,128.0200368,20285,4906,9015,5634,730
직지사,36.11706428,128.0040774,1143939,492353,521497,86129,43960
직지사,36.11706428,128.0040774,7595,5358,1883,354,0
직지사,36.11706428,128.0040774,1151534,497711,523380,86483,43960
갈라산,36.49411539,128.7461226,101713,12430,28513,40484,20286
갈라산,36.49411539,128.7461226,101713,12430,28513,40484,20286
경북도청,36.61965935,128.505646,343858,8780,223732,86425,24921
경북도청,36.61965935,128.505646,343858,8780,223732,86425,24921
계명산자연휴양림,36.43938222,128.9470596,45263,16269,12667,13373,2954
계명산자연휴양림,36.43938222,128.9470596,0,0,0,0,0
계명산자연휴양림,36.43938222,128.9470596,45263,16269,12667,13373,2954
권정생동화나라,36.46172066,128.664946,70485,22563,27407,12550,7965
권정생동화나라,36.46172066,128.664946,70485,22563,27407,12550,7965
낙강물길공원,36.58875416,128.7710232,194718,0,0,0,194718
낙강물길공원,36.58875416,128.7710232,194718,0,0,0,194718
농암종택,36.76443788,128.885356,91649,26986,27501,22748,14414
농암종택,36.76443788,128.885356,91649,26986,27501,22748,14414
단호샌드파크캠핑장,36.55621075,128.6303037,69363,23358,28146,13337,4522
단호샌드파크캠핑장,36.55621075,128.6303037,69363,23358,28146,13337,4522
도산서원,36.7278254,128.8429833,806529,291121,310197,147280,57931
도산서원,36.7278254,128.8429833,10010,3571,5647,576,216
도산서원,36.7278254,128.8429833,816539,294692,315844,147856,58147
도산온천,36.75160598,128.8203372,29560,29560,0,0,0
도산온천,36.75160598,128.8203372,0,0,0,0,0
도산온천,36.75160598,128.8203372,29560,29560,0,0,0
만휴정,36.41108169,128.9098042,97803,0,0,0,97803
만휴정,36.41108169,128.9098042,97803,0,0,0,97803
봉정사,36.65381665,128.6628517,1519472,620136,481723,276920,140693
봉정사,36.65381665,128.6628517,4507,4119,388,0,0
봉정사,36.65381665,128.6628517,1523979,624255,482111,276920,140693
산림과학박물관,36.71345152,128.8231054,253481,109100,109784,29080,5517
산림과학박물관,36.71345152,128.8231054,0,0,0,0,0
산림과학박물관,36.71345152,128.8231054,253481,109100,109784,29080,5517
선성현문화단지,36.69774116,128.8128284,361607,54872,116453,109463,80819
선성현문화단지,36.69774116,128.8128284,361607,54872,116453,109463,80819
시립민속박물관,36.5927537,128.7693991,3251059,1045967,1537876,537448,129768
시립민속박물관,36.5927537,128.7693991,29969,24954,4904,98,13
시립민속박물관,36.5927537,128.7693991,3281028,1070921,1542780,537546,129781
안동국제탈춤페스티벌,36.56072589,128.7323294,1945041,985166,959875,0,0
안동국제탈춤페스티벌,36.56072589,128.7323294,108127,46882,61245,0,0
안동국제탈춤페스티벌,36.56072589,128.7323294,2053168,1032048,1021120,0,0
안동군자마을,36.67411272,128.8027469,52765,13223,17001,19423,3118
안동군자마을,36.67411272,128.8027469,0,0,0,0,0
안동군자마을,36.67411272,128.8027469,52765,13223,17001,19423,3118
안동독립운동기념관,36.53339716,128.8580131,101772,44126,40671,10556,6419
안동독립운동기념관,36.53339716,128.8580131,0,0,0,0,0
안동독립운동기념관,36.53339716,128.8580131,101772,44126,40671,10556,6419
안동리버힐컨트리클럽,0,0,393606,129584,159419,68655,35948
안동리버힐컨트리클럽,0,0,0,0,0,0,0
안동리버힐컨트리클럽,0,0,393606,129584,159419,68655,35948
안동문화관광단지 온뜨레피움,36.56995352,128.7777009,146072,79275,40989,16786,9022
안동문화관광단지 온뜨레피움,36.56995352,128.7777009,481,481,0,0,0
안동문화관광단지 온뜨레피움,36.56995352,128.7777009,146553,79756,40989,16786,9022
안동문화관광단지 유교랜드,36.5696057,128.7784844,197061,97435,65958,33668,0
안동문화관광단지 유교랜드,36.5696057,128.7784844,1642,1398,228,16,0
안동문화관광단지 유교랜드,36.5696057,128.7784844,198703,98833,66186,33684,0
안동문화관광단지 휴그린 골프장,36.56627997,128.7735159,320875,87677,87054,98763,47381
안동문화관광단지 휴그린 골프장,36.56627997,128.7735159,54,54,0,0,0
안동문화관광단지 휴그린 골프장,36.56627997,128.7735159,320929,87731,87054,98763,47381
안동예절학교,36.65887569,128.7703451,0,0,0,0,0
안동예절학교,36.65887569,128.7703451,0,0,0,0,0
안동예절학교,36.65887569,128.7703451,0,0,0,0,0
안동임청각,36.56600049,128.7448785,60796,14831,31412,10405,4148
안동임청각,36.56600049,128.7448785,60796,14831,31412,10405,4148
안동체육관,36.56073787,128.7278769,275600,149330,111200,8020,7050
안동체육관,36.56073787,128.7278769,0,0,0,0,0
안동체육관,36.56073787,128.7278769,275600,149330,111200,8020,7050
안동포전시관,36.50549116,128.8491052,24885,0,0,15044,9841
안동포전시관,36.50549116,128.8491052,24885,0,0,15044,9841
안동한지,36.58160495,128.5545629,77992,28228,34336,10567,4861
안동한지,36.58160495,128.5545629,753,474,254,25,0
안동한지,36.58160495,128.5545629,78745,28702,34590,10592,4861
암산유원지,36.50727215,128.6787695,2363555,983365,988325,213791,178074
암산유원지,36.50727215,128.6787695,2363555,983365,988325,213791,178074
예움터마을,36.57205437,128.7687384,32731,5623,15332,8092,3684
예움터마을,36.57205437,128.7687384,1258,203,925,105,25
예움터마을,36.57205437,128.7687384,33989,5826,16257,8197,3709
임하호 캠핑 수상레저타운,36.53026354,128.8922331,84322,16312,24589,31761,11660
임하호 캠핑 수상레저타운,36.53026354,128.8922331,84322,16312,24589,31761,11660
전통문화콘텐츠박물관,36.56697488,128.7339882,73273,33077,29149,8211,2836
전통문화콘텐츠박물관,36.56697488,128.7339882,1477,942,475,33,27
전통문화콘텐츠박물관,36.56697488,128.7339882,74750,34019,29624,8244,2863
지례예술촌,36.51012326,128.9505309,9726,1837,4216,2527,1146
지례예술촌,36.51012326,128.9505309,209,168,28,5,8
지례예술촌,36.51012326,128.9505309,9935,2005,4244,2532,1154
"천등산(1코스, 2코스)",37.10045437,128.0039307,79791,24528,28053,10720,16490
"천등산(1코스, 2코스)",37.10045437,128.0039307,79791,24528,28053,10720,16490
태사묘,36.56756543,128.7317195,83642,42078,34243,7082,239
태사묘,36.56756543,128.7317195,83642,42078,34243,7082,239
하회동탈박물관,36.5496337,128.5274997,54343,54343,0,0,0
하회동탈박물관,36.5496337,128.5274997,1566,1566,0,0,0
하회동탈박물관,36.5496337,128.5274997,55909,55909,0,0,0
하회마을,36.54100241,128.5186049,4928160,1840751,2081830,827701,177878
하회마을,36.54100241,128.5186049,140684,73404,57438,9138,704
하회마을,36.54100241,128.5186049,5068844,1914155,2139268,836839,178582
학가산온천,36.59007651,128.6483702,1246216,493783,543209,160550,48674
학가산온천,36.59007651,128.6483702,135,60,62,10,3
학가산온천,36.59007651,128.6483702,1246351,493843,543271,160560,48677
한국국학진흥원,36.70297873,128.810708,103243,74567,22188,4788,1700
한국국학진흥원,36.70297873,128.810708,1378,1011,346,9,12
한국국학진흥원,36.70297873,128.810708,104621,75578,22534,4797,1712
구미과학관,36.10326295,128.400693,100263,40272,39855,12510,7626
구미과학관,36.10326295,128.400693,80,11,42,9,18
구미과학관,36.10326295,128.400693,100343,40283,39897,12519,7644
구미시 탄소제로교육관,36.1207804,128.3084732,109238,47671,47475,9747,4345
구미시 탄소제로교육관,36.1207804,128.3084732,0,0,0,0,0
구미시 탄소제로교육관,36.1207804,128.3084732,109238,47671,47475,9747,4345
금오산(탐방로 입구),36.09042423,128.3058144,1342994,389168,445406,387756,120664
금오산(탐방로 입구),36.09042423,128.3058144,11751,2956,4055,3173,1567
금오산(탐방로 입구),36.09042423,128.3058144,1354745,392124,449461,390929,122231
박대통령생가,36.0896086,128.3492018,502348,200224,229551,42869,29704
박대통령생가,36.0896086,128.3492018,2844,1124,1516,116,88
박대통령생가,36.0896086,128.3492018,505192,201348,231067,42985,29792
산동참생태숲,36.17940475,128.4598316,657887,71542,333491,184618,68236
산동참생태숲,36.17940475,128.4598316,0,0,0,0,0
산동참생태숲,36.17940475,128.4598316,657887,71542,333491,184618,68236
신라불교초전지,36.29234649,128.3632182,63886,3164,8638,25209,26875
신라불교초전지,36.29234649,128.3632182,63886,3164,8638,25209,26875
야은역사체험관,36.11084181,128.312823,63248,28206,23664,7822,3556
야은역사체험관,36.11084181,128.312823,0,0,0,0,0
야은역사체험관,36.11084181,128.312823,63248,28206,23664,7822,3556
옥성자연휴양림,36.28160408,128.2850286,96177,35890,31225,24548,4514
옥성자연휴양림,36.28160408,128.2850286,0,0,0,0,0
옥성자연휴양림,36.28160408,128.2850286,96177,35890,31225,24548,4514
왕산허위선생기념관,36.08426596,128.3646656,137425,58351,60549,13719,4806
왕산허위선생기념관,36.08426596,128.3646656,0,0,0,0,0
왕산허위선생기념관,36.08426596,128.3646656,137425,58351,60549,13719,4806
천생산성,36.11235012,128.4598403,787544,248019,208121,251155,80249
천생산성,36.11235012,128.4598403,0,0,0,0,0
천생산성,36.11235012,128.4598403,787544,248019,208121,251155,80249
국립공원생물종보전원(여우생태관찰원),36.91490314,128.556655,3983,0,0,1799,2184
국립공원생물종보전원(여우생태관찰원),36.91490314,128.556655,3983,0,0,1799,2184
국립산림치유원,36.86799994,128.4925867,147770,48637,75382,16051,7700
국립산림치유원,36.86799994,128.4925867,147770,48637,75382,16051,7700
무섬마을,36.7273667,128.6347156,1208797,393525,376310,290742,148220
무섬마을,36.7273667,128.6347156,1208797,393525,376310,290742,148220
물문화관,36.47518148,127.4815088,0,0,0,0,0
물문화관,36.47518148,127.4815088,0,0,0,0,0
부석사,36.99630437,128.6819334,1869982,682533,652412,420561,114476
부석사,36.99630437,128.6819334,4813,2109,2332,195,177
부석사,36.99630437,128.6819334,1874795,684642,654744,420756,114653
소백산 풍기온천,36.88897218,128.4793146,709039,260737,245434,144240,58628
소백산 풍기온천,36.88897218,128.4793146,2296,1158,844,232,62
소백산 풍기온천,36.88897218,128.4793146,711335,261895,246278,144472,58690
소백산국립공원(부석),36.94860962,128.4616956,1904516,683599,654026,566891,0
소백산국립공원(부석),36.94860962,128.4616956,1944,1143,708,93,0
소백산국립공원(부석),36.94860962,128.4616956,1906460,684742,654734,566984,0
소백산국립공원(삼가),36.94860962,128.4616956,195875,57092,54209,51580,32994
소백산국립공원(삼가),36.94860962,128.4616956,121,41,80,0,0
소백산국립공원(삼가),36.94860962,128.4616956,195996,57133,54289,51580,32994
소백산국립공원(초암),36.94860962,128.4616956,105325,25400,30904,31867,17154
소백산국립공원(초암),36.94860962,128.4616956,82,0,82,0,0
소백산국립공원(초암),36.94860962,128.4616956,105407,25400,30986,31867,17154
소백산국립공원(희방),36.94860962,128.4616956,359122,87770,99787,112456,59109
소백산국립공원(희방),36.94860962,128.4616956,222,165,57,0,0
소백산국립공원(희방),36.94860962,128.4616956,359344,87935,99844,112456,59109
소수서원,36.92563771,128.5781294,759560,253204,342482,115343,48531
소수서원,36.92563771,128.5781294,2123,1057,963,101,2
소수서원,36.92563771,128.5781294,761683,254261,343445,115444,48533
솔향기농촌체험마을,36.84188334,128.4987155,3152,0,0,2210,942
솔향기농촌체험마을,36.84188334,128.4987155,3152,0,0,2210,942
영주 시민회관,36.82386984,128.6170724,7587,0,0,7587,0
영주 시민회관,36.82386984,128.6170724,7587,0,0,7587,0
영주호 오토캠핑장,36.71814179,128.6602953,162356,0,20495,93795,48066
영주호 오토캠핑장,36.71814179,128.6602953,702,0,361,237,104
영주호 오토캠핑장,36.71814179,128.6602953,163058,0,20856,94032,48170
인삼박물관,36.8866399,128.4796954,33946,13643,15478,3507,1318
인삼박물관,36.8866399,128.4796954,33946,13643,15478,3507,1318
콩세계과학관,36.98262129,128.6562382,221105,41011,27496,104795,47803
콩세계과학관,36.98262129,128.6562382,475,254,210,11,0
콩세계과학관,36.98262129,128.6562382,221580,41265,27706,104806,47803
국립영천호국원,35.98168559,129.1101216,975332,343451,407645,224236,0
국립영천호국원,35.98168559,129.1101216,975332,343451,407645,224236,0
돌할매공원,35.9403292,129.0459839,446191,194056,128254,78750,45131
돌할매공원,35.9403292,129.0459839,446191,194056,128254,78750,45131
동의참누리원 영천 한의마을,35.9758499,128.9289343,101611,0,44252,31702,25657
동의참누리원 영천 한의마을,35.9758499,128.9289343,101611,0,44252,31702,25657
보현산댐짚와이어,36.1427817,128.9668556,38398,15776,14102,5529,2991
보현산댐짚와이어,36.1427817,128.9668556,38398,15776,14102,5529,2991
사일온천,35.97460179,128.8706557,790960,271278,349601,134546,35535
사일온천,35.97460179,128.8706557,1205,450,723,32,0
사일온천,35.97460179,128.8706557,792165,271728,350324,134578,35535
시안아트,36.0332577,128.8892609,91569,37576,36671,11094,6228
시안아트,36.0332577,128.8892609,288,156,129,0,3
시안아트,36.0332577,128.8892609,91857,37732,36800,11094,6231
영천 전투메모리얼파크 체험관,35.97303942,128.927435,97956,47349,35407,4004,11196
영천 전투메모리얼파크 체험관,35.97303942,128.927435,97956,47349,35407,4004,11196
영천목재문화체험장,35.97541117,128.9385191,795,0,0,0,795
영천목재문화체험장,35.97541117,128.9385191,0,0,0,0,0
영천목재문화체험장,35.97541117,128.9385191,795,0,0,0,795
영천보현산천문과학관,36.14110975,128.9970929,60918,23754,28884,5227,3053
영천보현산천문과학관,36.14110975,128.9970929,197,168,29,0,0
영천보현산천문과학관,36.14110975,128.9970929,61115,23922,28913,5227,3053
운주산승마자연휴양림,36.03428666,129.0002847,102315,51949,37273,9626,3467
운주산승마자연휴양림,36.03428666,129.0002847,448,448,0,0,0
운주산승마자연휴양림,36.03428666,129.0002847,102763,52397,37273,9626,3467
은해사,35.99338531,128.7888562,306356,90565,89372,74468,51951
은해사,35.99338531,128.7888562,5490,5303,187,0,0
은해사,35.99338531,128.7888562,311846,95868,89559,74468,51951
임고강변공원,36.04668347,128.9918536,421659,42745,211703,109898,57313
임고강변공원,36.04668347,128.9918536,421659,42745,211703,109898,57313
임고서원,36.01732218,128.9730999,118948,34857,21934,45628,16529
임고서원,36.01732218,128.9730999,118948,34857,21934,45628,16529
천수누림길,0,0,323910,67438,135938,92105,28429
천수누림길,0,0,323910,67438,135938,92105,28429
치산관광지 등산로 입구,0,0,85154,0,16274,48898,19982
치산관광지 등산로 입구,0,0,85154,0,16274,48898,19982
치산관광지캠핑장,36.04904538,128.7131545,76714,40533,23875,8265,4041
치산관광지캠핑장,36.04904538,128.7131545,235,235,0,0,0
치산관광지캠핑장,36.04904538,128.7131545,76949,40768,23875,8265,4041
화랑설화마을,35.9286213,128.9223956,23178,0,0,0,23178
화랑설화마을,35.9286213,128.9223956,0,0,0,0,0
화랑설화마을,35.9286213,128.9223956,23178,0,0,0,23178
국립낙동강생물자원관,36.44492221,128.2551913,564993,219571,236295,72026,37101
국립낙동강생물자원관,36.44492221,128.2551913,564993,219571,236295,72026,37101
낙동 승곡마을,36.36855958,128.2104063,16860,7064,7096,2122,578
낙동 승곡마을,36.36855958,128.2104063,334,242,92,0,0
낙동 승곡마을,36.36855958,128.2104063,17194,7306,7188,2122,578
낙동강 역사이야기관,36.36764652,128.3088906,89500,25207,47783,11254,5256
낙동강 역사이야기관,36.36764652,128.3088906,89500,25207,47783,11254,5256
문장대,36.56837756,127.8622451,207005,91049,56412,40967,18577
문장대,36.56837756,127.8622451,207005,91049,56412,40967,18577
상주국제승마장,36.46082646,128.231297,366455,98587,248436,15863,3569
상주국제승마장,36.46082646,128.231297,5284,4545,739,0,0
상주국제승마장,36.46082646,128.231297,371739,103132,249175,15863,3569
상주박물관,36.46056864,128.2409574,419709,145367,209400,42452,22490
상주박물관,36.46056864,128.2409574,738,274,343,121,0
상주박물관,36.46056864,128.2409574,420447,145641,209743,42573,22490
성주봉자연휴양림,36.53567831,128.0405339,666031,238842,253680,141551,31958
성주봉자연휴양림,36.53567831,128.0405339,2391,2391,0,0,0
성주봉자연휴양림,36.53567831,128.0405339,668422,241233,253680,141551,31958
국립대야산자연휴양림,36.67170859,127.9619321,111240,0,65869,28376,16995
국립대야산자연휴양림,36.67170859,127.9619321,111240,0,65869,28376,16995
단산모노레일,36.73753039,128.1581372,35011,0,0,0,35011
단산모노레일,36.73753039,128.1581372,35011,0,0,0,35011
문경 국민여가 캠핑장,36.75588306,128.0755398,49351,17188,17435,10991,3737
문경 국민여가 캠핑장,36.75588306,128.0755398,49351,17188,17435,10991,3737
문경관광사격장,36.6437284,128.1296242,142429,50649,45261,33112,13407
문경관광사격장,36.6437284,128.1296242,166,66,92,0,8
문경관광사격장,36.6437284,128.1296242,142595,50715,45353,33112,13415
문경도자기박물관,36.75602436,128.0834808,6253,0,0,0,6253
문경도자기박물관,36.75602436,128.0834808,6253,0,0,0,6253
문경레저타운,36.71621971,128.1621372,364509,118849,96015,100604,49041
문경레저타운,36.71621971,128.1621372,364509,118849,96015,100604,49041
문경새재도립공원,36.75982786,128.0728042,6943815,2114790,2412258,1630526,786241
문경새재도립공원,36.75982786,128.0728042,6943815,2114790,2412258,1630526,786241
문경새재오픈세트장,36.77165621,128.0749239,753004,203747,318335,155727,75195
문경새재오픈세트장,36.77165621,128.0749239,2245,346,1899,0,0
문경새재오픈세트장,36.77165621,128.0749239,755249,204093,320234,155727,75195
문경석탄박물관,36.59839458,128.1905241,186383,186383,0,0,0
문경석탄박물관,36.59839458,128.1905241,192,192,0,0,0
문경석탄박물관,36.59839458,128.1905241,186575,186575,0,0,0
문경온천,36.7343248,128.1101936,736030,290361,274152,115578,55939
문경온천,36.7343248,128.1101936,0,0,0,0,0
문경온천,36.7343248,128.1101936,736030,290361,274152,115578,55939
문경천문대,36.74207884,128.1549884,721,721,0,0,0
문경천문대,36.74207884,128.1549884,721,721,0,0,0
문경철로자전거,36.65537474,128.1281898,396798,156697,138257,73154,28690
문경철로자전거,36.65537474,128.1281898,2722,1987,714,4,17
문경철로자전거,36.65537474,128.1281898,399520,158684,138971,73158,28707
문경활공랜드,36.73731416,128.1541416,99151,22450,21850,34717,20134
문경활공랜드,36.73731416,128.1541416,99151,22450,21850,34717,20134
박열의사기념관,36.68141663,128.1362777,20464,0,15053,4237,1174
박열의사기념관,36.68141663,128.1362777,20464,0,15053,4237,1174
불정자연휴양림,36.62159516,128.1358364,99628,32260,40847,20758,5763
불정자연휴양림,36.62159516,128.1358364,10,4,6,0,0
불정자연휴양림,36.62159516,128.1358364,99638,32264,40853,20758,5763
사계절썰매장,36.76473992,128.0753191,44508,14583,21017,6846,2062
사계절썰매장,36.76473992,128.0753191,44508,14583,21017,6846,2062
에코랄라,36.65472631,128.0608232,350999,0,184064,111217,55718
에코랄라,36.65472631,128.0608232,350999,0,184064,111217,55718
운강이강년기념관,36.67234933,127.9961762,1359,0,0,0,1359
운강이강년기념관,36.67234933,127.9961762,1359,0,0,0,1359
자연생태박물관,36.7550099,128.076453,28408,0,18634,6693,3081
자연생태박물관,36.7550099,128.076453,28408,0,18634,6693,3081
청소년수련장,36.62226462,128.1357947,10634,144,9459,618,413
청소년수련장,36.62226462,128.1357947,0,0,0,0,0
청소년수련장,36.62226462,128.1357947,10634,144,9459,618,413
갓바위,35.98085934,128.7378625,4876676,1869820,1697891,828161,480804
갓바위,35.98085934,128.7378625,5304,2578,2726,0,0
갓바위,35.98085934,128.7378625,4881980,1872398,1700617,828161,480804
경산시립박물관,35.815014,128.7626207,211316,103664,100905,6747,0
경산시립박물관,35.815014,128.7626207,211316,103664,100905,6747,0
대구대 박물관,35.90380666,128.8512473,9627,4379,4620,380,248
대가대 박물관,35.90380666,128.8512473,273,49,224,0,0
대가대 박물관,35.90380666,128.8512473,9900,4428,4844,380,248
대구골프장,35.87178124,128.8117741,574916,133482,173465,178890,89079
대구골프장,35.87178124,128.8117741,1381,481,608,292,0
대구골프장,35.87178124,128.8117741,576297,133963,174073,179182,89079
대구대학교 중앙박물관,35.90380666,128.8512473,38125,11409,13731,7625,5360
대구대학교 중앙박물관,35.90380666,128.8512473,2176,315,799,560,502
대구대학교 중앙박물관,35.90380666,128.8512473,40301,11724,14530,8185,5862
대구한의대 박물관,35.7967386,128.7750487,125926,48070,53446,11004,13406
대구한의대 박물관,35.7967386,128.7750487,643,499,144,0,0
대구한의대 박물관,35.7967386,128.7750487,126569,48569,53590,11004,13406
반곡지,35.78328567,128.807485,147868,0,0,94517,53351
반곡지,35.78328567,128.807485,147868,0,0,94517,53351
삼성현역사문화관,35.80302749,128.7997295,136009,67270,41703,21204,5832
삼성현역사문화관,35.80302749,128.7997295,6011,3551,2195,265,0
삼성현역사문화관,35.80302749,128.7997295,142020,70821,43898,21469,5832
영남대학교 박물관,35.83767153,128.7547113,37198,19291,15649,795,1463
영남대학교 박물관,35.83767153,128.7547113,216,214,2,0,0
영남대학교 박물관,35.83767153,128.7547113,37414,19505,15651,795,1463
인터불고경산골프장,35.79622047,128.7614721,572467,132689,168139,179274,92365
인터불고경산골프장,35.79622047,128.7614721,1,0,1,0,0
인터불고경산골프장,35.79622047,128.7614721,572468,132689,168140,179274,92365
경북대학교 자연사박물관,36.12218189,128.5771974,23978,12164,10018,812,984
경북대학교 자연사박물관,36.12218189,128.5771974,26,4,0,22,0
경북대학교 자연사박물관,36.12218189,128.5771974,24004,12168,10018,834,984
김수환추기경 사랑과 나눔공원,36.23291076,128.6007905,98637,20588,50902,17971,9176
김수환추기경 사랑과 나눔공원,36.23291076,128.6007905,98637,20588,50902,17971,9176
사라온이야기마을,36.23726699,128.5673584,76167,29498,31576,10557,4536
사라온이야기마을,36.23726699,128.5673584,1,0,1,0,0
사라온이야기마을,36.23726699,128.5673584,76168,29498,31577,10557,4536
삼국유사테마파크,36.16222813,128.6968353,60557,0,0,0,60557
삼국유사테마파크,36.16222813,128.6968353,60557,0,0,0,60557
장곡자연휴양림,36.13181302,128.8402116,62363,14429,13707,29087,5140
장곡자연휴양림,36.13181302,128.8402116,62363,14429,13707,29087,5140
추억의 학교 엄마아빠 어렸을 적에,36.12775272,128.6966563,274870,92037,92468,51060,39305
추억의 학교 엄마아빠 어렸을 적에,36.12775272,128.6966563,492,44,160,288,0
추억의 학교 엄마아빠 어렸을 적에,36.12775272,128.6966563,275362,92081,92628,51348,39305
고운사,36.45844661,128.7501404,580628,188211,234865,129236,28316
고운사,36.45844661,128.7501404,580628,188211,234865,129236,28316
교촌녹색농촌체험마을,36.36906279,128.4732755,25903,9854,10633,4669,747
교촌녹색농촌체험마을,36.36906279,128.4732755,0,0,0,0,0
교촌녹색농촌체험마을,36.36906279,128.4732755,25903,9854,10633,4669,747
금봉휴양림,36.33632094,128.880672,79912,19189,49340,8196,3187
금봉휴양림,36.33632094,128.880672,0,0,0,0,0
금봉휴양림,36.33632094,128.880672,79912,19189,49340,8196,3187
빙계계곡,36.22927669,128.7586097,770881,208906,231386,231594,98995
빙계계곡,36.22927669,128.7586097,770881,208906,231386,231594,98995
의성조문국박물관,36.27673658,128.6688202,319844,124836,103306,38069,53633
의성조문국박물관,36.27673658,128.6688202,319844,124836,103306,38069,53633
의성조문국사적지,36.27290348,128.6774305,453493,0,121829,247038,84626
의성조문국사적지,36.27290348,128.6774305,453493,0,121829,247038,84626
탑산온천,36.30396195,128.5892642,296303,114650,114260,61737,5656
탑산온천,36.30396195,128.5892642,0,0,0,0,0
탑산온천,36.30396195,128.5892642,296303,114650,114260,61737,5656
한국애플리즈 나만의 사과와인 만드기,36.43709408,128.7231036,2243,978,1265,0,0
한국애플리즈 나만의 사과와인 만드기,36.43709408,128.7231036,2233,1283,950,0,0
한국애플리즈 나만의 사과와인 만드기,36.43709408,128.7231036,4476,2261,2215,0,0
군립청송야송미술관,36.50586259,129.119086,53350,19429,22653,7796,3472
군립청송야송미술관,36.50586259,129.119086,542,53,489,0,0
군립청송야송미술관,36.50586259,129.119086,53892,19482,23142,7796,3472
솔기온천,36.4358291,129.062913,465421,186150,145327,94219,39725
솔기온천,36.4358291,129.062913,219,219,0,0,0
솔기온천,36.4358291,129.062913,465640,186369,145327,94219,39725
송소고택,36.43613265,129.0266379,249741,70394,91149,66535,21663
송소고택,36.43613265,129.0266379,415,227,150,38,0
송소고택,36.43613265,129.0266379,250156,70621,91299,66573,21663
양수발전소,36.4054093,129.0160403,57157,23836,24146,6464,2711
양수발전소,36.4054093,129.0160403,33,33,0,0,0
양수발전소,36.4054093,129.0160403,57190,23869,24146,6464,2711
주산지,36.36214946,129.1895218,1057132,414202,371510,214777,56643
주산지,36.36214946,129.1895218,1057132,414202,371510,214777,56643
주왕산국립공원 상의 탐방로,36.38975098,129.1407698,1988035,903497,630873,351999,101666
주왕산국립공원 상의 탐방로,36.38975098,129.1407698,0,0,0,0,0
주왕산국립공원 상의 탐방로,36.38975098,129.1407698,1988035,903497,630873,351999,101666
주왕산국립공원 월외 탐방로,36.44136955,129.115862,46173,22819,20501,2431,422
주왕산국립공원 월외 탐방로,36.44136955,129.115862,0,0,0,0,0
주왕산국립공원 월외 탐방로,36.44136955,129.115862,46173,22819,20501,2431,422
주왕산국립공원 절골 탐방로,36.36780311,129.1802646,112733,40655,37485,29938,4655
주왕산국립공원 절골 탐방로,36.36780311,129.1802646,0,0,0,0,0
주왕산국립공원 절골 탐방로,36.36780311,129.1802646,112733,40655,37485,29938,4655
청송백자전수장,36.34605295,129.1510185,5115,1501,2052,1023,539
청송백자전수장,36.34605295,129.1510185,18,16,2,0,0
청송백자전수장,36.34605295,129.1510185,5133,1517,2054,1023,539
청송자연휴양림,36.31797464,129.0536397,70235,23151,22888,15439,8757
청송자연휴양림,36.31797464,129.0536397,0,0,0,0,0
청송자연휴양림,36.31797464,129.0536397,70235,23151,22888,15439,8757
항일의병기념공원,36.36778074,129.0734969,27840,10775,10659,4257,2149
항일의병기념공원,36.36778074,129.0734969,34,34,0,0,0
항일의병기념공원,36.36778074,129.0734969,27874,10809,10659,4257,2149
검마산자연휴양림,36.74537717,129.233304,62921,17617,24057,19049,2198
검마산자연휴양림,36.74537717,129.233304,16,0,0,16,0
검마산자연휴양림,36.74537717,129.233304,62937,17617,24057,19065,2198
선바위관광지,36.60854407,129.0820141,60607,0,56227,2987,1393
선바위관광지,36.60854407,129.0820141,60607,0,56227,2987,1393
영양군청소년수련원,36.83769358,129.2694922,48207,14822,16458,12729,4198
영양군청소년수련원,36.83769358,129.2694922,48207,14822,16458,12729,4198
영양반딧불이천문대,36.83051348,129.270101,25325,8826,9822,4840,1837
영양반딧불이천문대,36.83051348,129.270101,79,79,0,0,0
영양반딧불이천문대,36.83051348,129.270101,25404,8905,9822,4840,1837
음식디미방,36.55871944,129.1268976,45140,34073,8142,2504,421
음식디미방,36.55871944,129.1268976,78,68,10,0,0
음식디미방,36.55871944,129.1268976,45218,34141,8152,2504,421
장계향문화체험교육원,36.56099647,129.1289309,55316,0,53896,1229,191
장계향문화체험교육원,36.56099647,129.1289309,55316,0,53896,1229,191
지훈문학관,36.71863388,129.1028817,110289,68761,34746,5808,974
지훈문학관,36.71863388,129.1028817,110289,68761,34746,5808,974
흥림산자연휴양림,36.69891775,129.1116503,37615,10026,12675,11525,3389
흥림산자연휴양림,36.69891775,129.1116503,37615,10026,12675,11525,3389
강구항,36.3588051,129.3909116,10696684,2974686,3669249,3204903,847846
강구항,36.3588051,129.3909116,10696684,2974686,3669249,3204903,847846
괴시리전통마을,36.54411651,129.4155294,117440,33033,39341,35693,9373
괴시리전통마을,36.54411651,129.4155294,117440,33033,39341,35693,9373
삼사해상공원,36.35171556,129.383967,840280,390834,416292,26532,6622
삼사해상공원,36.35171556,129.383967,840280,390834,416292,26532,6622
신재생에너지전시관,36.42268818,129.4196817,127228,54573,50751,17173,4731
신재생에너지전시관,36.42268818,129.4196817,1392,729,663,0,0
신재생에너지전시관,36.42268818,129.4196817,128620,55302,51414,17173,4731
어촌민속전시관,36.35036397,129.3864191,158825,59032,72863,21801,5129
어촌민속전시관,36.35036397,129.3864191,2304,1151,1153,0,0
어촌민속전시관,36.35036397,129.3864191,161129,60183,74016,21801,5129
축산항,36.50895528,129.4484293,962306,309431,410764,242111,0
축산항,36.50895528,129.4484293,962306,309431,410764,242111,0
칠보산자연휴양림,36.62466548,129.3666838,233501,92393,84786,38406,17916
칠보산자연휴양림,36.62466548,129.3666838,2296,1170,1126,0,0
칠보산자연휴양림,36.62466548,129.3666838,235797,93563,85912,38406,17916
팔각산(달산면옥계리등산로),36.33306694,129.2642444,54653,19012,15450,17107,3084
팔각산(달산면옥계리등산로),36.33306694,129.2642444,54653,19012,15450,17107,3084
풍력발전단지,36.42343639,129.4327709,1689275,620791,762997,240593,64894
풍력발전단지,36.42343639,129.4327709,1689275,620791,762997,240593,64894
해맞이공원,36.42202308,129.4329554,666814,287633,234856,108699,35626
해맞이공원,36.42202308,129.4329554,666814,287633,234856,108699,35626
새마을운동발상지기념관,35.6002243,128.7665237,115310,42675,38423,14299,19913
새마을운동발상지기념관,35.6002243,128.7665237,888,317,548,23,0
새마을운동발상지기념관,35.6002243,128.7665237,116198,42992,38971,14322,19913
선암서원,35.67769865,128.8916658,1942,235,294,1398,15
선암서원,35.67769865,128.8916658,4,0,0,4,0
선암서원,35.67769865,128.8916658,1946,235,294,1402,15
송암정사,36.79915778,127.1544106,632,243,301,88,0
송암정사,36.79915778,127.1544106,0,0,0,0,0
송암정사,36.79915778,127.1544106,632,243,301,88,0
신화랑풍류마을 오토캠핑장,35.71711064,128.9201096,7052,0,3268,3784,0
신화랑풍류마을 오토캠핑장,35.71711064,128.9201096,7052,0,3268,3784,0
운문사,35.66125819,128.9602621,373989,118923,156160,49896,49010
운문사,35.66125819,128.9602621,543,13,432,98,0
운문사,35.66125819,128.9602621,374532,118936,156592,49994,49010
운문산자연휴양림,35.65339988,129.0187596,303804,144139,81090,45436,33139
운문산자연휴양림,35.65339988,129.0187596,6,6,0,0,0
운문산자연휴양림,35.65339988,129.0187596,303810,144145,81090,45436,33139
청도군자전거공원캠핑장,35.58813634,128.7655031,5810,0,1495,3019,1296
청도군자전거공원캠핑장,35.58813634,128.7655031,5810,0,1495,3019,1296
청도레일바이크,35.58815524,128.765493,384213,99949,116120,88051,80093
청도레일바이크,35.58815524,128.765493,142,15,60,67,0
청도레일바이크,35.58815524,128.765493,384355,99964,116180,88118,80093
청도박물관,35.69424213,128.6864929,134704,54688,49886,18003,12127
청도박물관,35.69424213,128.6864929,134704,54688,49886,18003,12127
청도소싸움경기장,35.68751604,128.7244713,1067257,437734,561871,36728,30924
청도소싸움경기장,35.68751604,128.7244713,529,40,489,0,0
청도소싸움경기장,35.68751604,128.7244713,1067786,437774,562360,36728,30924
청도신화랑풍류마을,35.71809858,128.9211927,89275,14964,42188,17241,14882
청도신화랑풍류마을,35.71809858,128.9211927,89275,14964,42188,17241,14882
청도와인터널,35.71110204,128.7233502,1261100,461737,425602,283887,89874
청도와인터널,35.71110204,128.7233502,8018,20,4566,3432,0
청도와인터널,35.71110204,128.7233502,1269118,461757,430168,287319,89874
청도프로방스,35.68425101,128.7182607,611975,379603,172999,26217,33156
청도프로방스,35.68425101,128.7182607,611975,379603,172999,26217,33156
코미디철가방극장,35.65851267,128.5817397,1930,1930,0,0,0
코미디철가방극장,35.65851267,128.5817397,0,0,0,0,0
코미디철가방극장,35.65851267,128.5817397,1930,1930,0,0,0
한국코미디타운,35.69342648,128.6862617,107514,46727,42097,10859,7831
한국코미디타운,35.69342648,128.6862617,107514,46727,42097,10859,7831
가얏고마을,35.74002055,128.2610837,22357,8914,9553,3339,551
가얏고마을,35.74002055,128.2610837,260,100,160,0,0
가얏고마을,35.74002055,128.2610837,22617,9014,9713,3339,551
개실마을(고령군 쌍림면),35.68009129,128.2419104,78060,38665,33454,4725,1216
개실마을,35.68009129,128.2419104,2575,681,1774,120,0
개실마을,35.68009129,128.2419104,80635,39346,35228,4845,1216
고령 마스터피스cc,35.70660668,128.2249679,314051,83018,87906,92625,50502
고령 마스터피스cc,35.70660668,128.2249679,314051,83018,87906,92625,50502
고령 유니밸리CC,35.68186898,128.2933505,142072,34700,41657,45334,20381
고령 유니밸리CC,35.68186898,128.2933505,0,0,0,0,0
고령 유니밸리CC,35.68186898,128.2933505,142072,34700,41657,45334,20381
고령군 향토문화학교,35.70798854,128.2323509,1378,0,776,539,63
고령군 향토문화학교,35.70798854,128.2323509,1378,0,776,539,63
내사랑 딸기,35.76169871,128.2678861,17486,10082,7250,154,0
내사랑 딸기,35.76169871,128.2678861,0,0,0,0,0
내사랑 딸기,35.76169871,128.2678861,17486,10082,7250,154,0
다례원(백암다례원),35.84506979,128.5979969,5359,2583,1913,834,29
다례원,35.84506979,128.5979969,130,53,77,0,0
다례원,35.84506979,128.5979969,5489,2636,1990,834,29
대가야 역사테마관광지,35.71917916,128.2606342,979484,402971,430544,82300,63669
대가야 역사테마관광지,35.71917916,128.2606342,2433,919,1514,0,0
대가야 역사테마관광지,35.71917916,128.2606342,981917,403890,432058,82300,63669
대가야박물관,35.72263665,128.2571835,279708,126783,110715,22591,19619
대가야박물관,35.72263665,128.2571835,2201,1373,603,25,200
대가야박물관,35.72263665,128.2571835,281909,128156,111318,22616,19819
대가야생활촌,35.71149154,128.2627986,68809,0,19736,17867,31206
대가야생활촌,35.71149154,128.2627986,68809,0,19736,17867,31206
대가야체험캠프,35.71383478,128.2661831,166502,52364,54454,33612,26072
대가야체험캠프,35.71383478,128.2661831,319,86,233,0,0
대가야체험캠프,35.71383478,128.2661831,166821,52450,54687,33612,26072
미니멀 동물원,35.66492558,128.236236,0,0,0,0,0
미니멀 동물원,35.66492558,128.236236,0,0,0,0,0
미니멀 동물원,35.66492558,128.236236,0,0,0,0,0
미숭산자연휴양림,35.74937738,128.200367,33072,12919,12508,5314,2331
미숭산자연휴양림,35.74937738,128.200367,0,0,0,0,0
미숭산자연휴양림,35.74937738,128.200367,33072,12919,12508,5314,2331
별나무캠핑장,35.78015099,128.2693522,31556,12364,12360,6832,0
별나무캠핑장,35.78015099,128.2693522,31556,12364,12360,6832,0
부례관광지,35.6721732,128.3595046,2398,0,0,0,2398
부례관광지,35.6721732,128.3595046,2398,0,0,0,2398
산림녹화기념숲,35.72795673,128.2867148,263475,63565,65862,115846,18202
산림녹화기념숲,35.72795673,128.2867148,263475,63565,65862,115846,18202
산주마을(진안군 성수면),35.70851459,127.3238744,0,0,0,0,0
산주마을,35.70851459,127.3238744,0,0,0,0,0
산주마을,35.70851459,127.3238744,0,0,0,0,0
생비원,35.79801927,128.1972325,9546,4379,4103,645,419
생비원,35.79801927,128.1972325,0,0,0,0,0
생비원,35.79801927,128.1972325,9546,4379,4103,645,419
서우재마을,0,0,54,54,0,0,0
서우재마을,0,0,0,0,0,0,0
서우재마을,0,0,54,54,0,0,0
신리마을,35.74986404,128.2196373,11324,4923,5268,882,251
신리마을,35.74986404,128.2196373,730,0,560,170,0
신리마을,35.74986404,128.2196373,12054,4923,5828,1052,251
신촌숲,35.6787267,128.1848544,35422,8988,6529,11654,8251
신촌숲,35.6787267,128.1848544,35422,8988,6529,11654,8251
예마을,35.79314812,128.2130018,166655,67790,58022,30352,10491
예마을,35.79314812,128.2130018,2,2,0,0,0
예마을,35.79314812,128.2130018,166657,67792,58022,30352,10491
장태백의 버섯마을,35.74100902,128.2405372,2845,1324,1422,99,0
장태백의 버섯마을,35.74100902,128.2405372,0,0,0,0,0
장태백의 버섯마을,35.74100902,128.2405372,2845,1324,1422,99,0
한팜농원,35.77382748,128.2370279,2890,1567,1323,0,0
한팜농원,35.77382748,128.2370279,0,0,0,0,0
한팜농원,35.77382748,128.2370279,2890,1567,1323,0,0
향기정원,35.72978478,128.240478,3471,1999,1472,0,0
향기정원,35.72978478,128.240478,0,0,0,0,0
향기정원,35.72978478,128.240478,3471,1999,1472,0,0
가야산 야생화식물원,35.80335038,128.1417586,95860,33796,37663,18879,5522
가야산 야생화식물원,35.80335038,128.1417586,15,15,0,0,0
가야산 야생화식물원,35.80335038,128.1417586,95875,33811,37663,18879,5522
가야산국립공원 백운동야영장,35.80467808,128.1418636,1320,0,0,0,1320
가야산국립공원 백운동야영장,35.80467808,128.1418636,1320,0,0,0,1320
가야산국립공원(만물상),35.8053169,128.1232513,80256,21335,27144,27082,4695
가야산국립공원(만물상),35.8053169,128.1232513,80256,21335,27144,27082,4695
가야산국립공원(용기골),35.8053169,128.1232513,109643,37827,33576,33269,4971
가야산국립공원(용기골),35.8053169,128.1232513,109643,37827,33576,33269,4971
가야산생태탐방원,35.83423717,128.1536798,2486,0,0,2149,337
가야산생태탐방원,35.83423717,128.1536798,2486,0,0,2149,337
가야산역사신화테마관,35.80107557,128.1413527,50437,0,0,38680,11757
가야산역사신화테마관,35.80107557,128.1413527,50437,0,0,38680,11757
금수문화공원야영장,35.91992251,128.1222827,54230,7070,0,47160,0
금수문화공원야영장,35.91992251,128.1222827,54230,7070,0,47160,0
독용산성 자연휴양림,35.90559824,128.1342871,1620,0,0,0,1620
독용산성 자연휴양림,35.90559824,128.1342871,1620,0,0,0,1620
성밖숲정보센터,35.9160023,128.2793031,200105,0,0,170626,29479
성밖숲정보센터,35.9160023,128.2793031,170,0,0,170,0
성밖숲정보센터,35.9160023,128.2793031,200275,0,0,170796,29479
성주생활문화센터(성주문화에술회관),35.91835182,128.3012832,23886,7650,11593,4643,0
성주생활문화센터,35.91835182,128.3012832,23886,7650,11593,4643,0
성주참외체험형테마공원,35.91523685,128.2525575,0,0,0,0,0
성주참외체험형테마공원,35.91523685,128.2525575,0,0,0,0,0
세종대왕자태실,36.01568865,128.2990858,342367,101680,136262,83033,21392
세종대왕자태실,36.01568865,128.2990858,236,140,59,32,5
세종대왕자태실,36.01568865,128.2990858,342603,101820,136321,83065,21397
아라월드,35.90854637,128.1364803,79854,65198,0,14656,0
아라월드,35.90854637,128.1364803,102,102,0,0,0
아라월드,35.90854637,128.1364803,79956,65300,0,14656,0
청휘당,35.83248817,128.1906843,63,0,0,0,63
청휘당,35.83248817,128.1906843,63,0,0,0,63
추억박물관,35.88677018,128.1885103,24044,6304,12610,5130,0
추억박물관,35.88677018,128.1885103,24044,6304,12610,5130,0
한개마을,35.92844783,128.3260387,209436,58166,88957,46949,15364
한개마을,35.92844783,128.3260387,744,261,234,231,18
한개마을,35.92844783,128.3260387,210180,58427,89191,47180,15382
회연서원,35.85507568,128.1928248,118216,27131,48294,27630,15161
회연서원,35.85507568,128.1928248,58,16,22,20,0
회연서원,35.85507568,128.1928248,118274,27147,48316,27650,15161
가산산성,36.03891523,128.5755543,1357331,561958,533246,202097,60030
가산산성,36.03891523,128.5755543,1357331,561958,533246,202097,60030
가산산성야영장,36.01753222,128.6201243,23978,7757,7522,4922,3777
가산산성야영장,36.01753222,128.6201243,0,0,0,0,0
가산산성야영장,36.01753222,128.6201243,23978,7757,7522,4922,3777
가산수피아,36.0913773,128.484099,315967,0,0,243139,72828
가산수피아,36.0913773,128.484099,315967,0,0,243139,72828
국립칠곡숲체원,36.06397807,128.4660409,54080,0,0,23124,30956
국립칠곡숲체원,36.06397807,128.4660409,54080,0,0,23124,30956
다부동전적기념관,36.04659368,128.5176421,1206068,546595,623171,24544,11758
다부동전적기념관,36.04659368,128.5176421,2452,1056,1213,144,39
다부동전적기념관,36.04659368,128.5176421,1208520,547651,624384,24688,11797
송정자연휴양림,36.02331717,128.4414204,141008,48514,43398,31842,17254
송정자연휴양림,36.02331717,128.4414204,0,0,0,0,0
송정자연휴양림,36.02331717,128.4414204,141008,48514,43398,31842,17254
양떼목장,35.98457738,128.4886036,74560,0,0,48768,25792
양떼목장,35.98457738,128.4886036,74560,0,0,48768,25792
칠곡보 오토캠핑장,36.02120712,128.3952656,135991,22711,29796,49392,34092
칠곡보 오토캠핑장,36.02120712,128.3952656,135991,22711,29796,49392,34092
칠곡호국평화기념관,36.01869666,128.4033452,470552,175702,237914,33807,23129
칠곡호국평화기념관,36.01869666,128.4033452,4127,2312,1815,0,0
칠곡호국평화기념관,36.01869666,128.4033452,474679,178014,239729,33807,23129
강문화전시관,36.56374548,128.3044542,28284,0,0,16318,11966
강문화전시관,36.56374548,128.3044542,28284,0,0,16318,11966
예천군곤충생태체험관,36.82427723,128.4579145,209630,64708,81222,28325,35375
예천군곤충생태체험관,36.82427723,128.4579145,3033,1895,1138,0,0
예천군곤충생태체험관,36.82427723,128.4579145,212663,66603,82360,28325,35375
예천목재문화체험장,36.80034749,128.3764449,6447,0,0,3479,2968
예천목재문화체험장,36.80034749,128.3764449,6447,0,0,3479,2968
예천온천,36.72282167,128.4988436,980468,360582,373770,154699,91417
예천온천,36.72282167,128.4988436,478,438,40,0,0
예천온천,36.72282167,128.4988436,980946,361020,373810,154699,91417
예천충효테마공원,36.6959152,128.5164662,12741,242,0,331,12168
예천충효테마공원,36.6959152,128.5164662,12741,242,0,331,12168
천문우주과학공원,36.70097273,128.5048949,34185,13197,11731,5887,3370
천문우주과학공원,36.70097273,128.5048949,37,37,0,0,0
천문우주과학공원,36.70097273,128.5048949,34222,13234,11731,5887,3370
활기찬 예천! 활체험센터,36.63432158,128.4686605,11745,0,7150,3712,883
활기찬 예천! 활체험센터,36.63432158,128.4686605,135,0,107,13,15
활기찬 예천! 활체험센터,36.63432158,128.4686605,11880,0,7257,3725,898
국립백두대간수목원,37.00847491,128.8303088,461135,120072,205625,94322,41116
국립백두대간수목원,37.00847491,128.8303088,461135,120072,205625,94322,41116
"분천역(백두대간협곡열차,중부내륙순환열차)",36.93249837,129.058409,351671,163224,143669,43781,997
"분천역(백두대간협곡열차,중부내륙순환열차)",36.93249837,129.058409,4651,2173,2250,228,0
"분천역(백두대간협곡열차,중부내륙순환열차)",36.93249837,129.058409,356322,165397,145919,44009,997
승부역(환상선 눈꽃열차),36.99356785,129.083748,22222,14467,4716,3039,0
승부역(환상선 눈꽃열차),36.99356785,129.083748,447,349,62,36,0
승부역(환상선 눈꽃열차),36.99356785,129.083748,22669,14816,4778,3075,0
청량산도립공원(봉화군),36.78860441,128.8949671,1581634,548787,456991,377902,197954
청량산도립공원(봉화군),36.78860441,128.8949671,13314,7827,5411,76,0
청량산도립공원(봉화군),36.78860441,128.8949671,1594948,556614,462402,377978,197954
청옥산자연휴양림,37.03869769,128.9971031,72861,29716,20574,21067,1504
청옥산자연휴양림,37.03869769,128.9971031,0,0,0,0,0
청옥산자연휴양림,37.03869769,128.9971031,72861,29716,20574,21067,1504
거일1리 어촌체험 휴양마을,36.71094882,129.4749376,45394,22965,11040,5419,5970
거일1리 어촌체험 휴양마을,36.71094882,129.4749376,45394,22965,11040,5419,5970
구산 어촌체험 휴양마을,36.76052698,129.4696159,79025,0,57903,16449,4673
구산 어촌체험 휴양마을,36.76052698,129.4696159,79025,0,57903,16449,4673
구수곡자연휴양림,37.063071,129.2905944,144325,67850,53704,15932,6839
구수곡자연휴양림,37.063071,129.2905944,0,0,0,0,0
구수곡자연휴양림,37.063071,129.2905944,144325,67850,53704,15932,6839
국립해양과학관,37.07369039,129.4083654,25638,0,0,0,25638
국립해양과학관,37.07369039,129.4083654,25638,0,0,0,25638
금강소나무숲길,36.97123912,129.3987121,87434,38151,33532,11588,4163
금강소나무숲길,36.97123912,129.3987121,0,0,0,0,0
금강소나무숲길,36.97123912,129.3987121,87434,38151,33532,11588,4163
기성리어촌체험마을,36.79664257,129.4576739,54880,16599,27749,8880,1652
기성리어촌체험마을,36.79664257,129.4576739,0,0,0,0,0
기성리어촌체험마을,36.79664257,129.4576739,54880,16599,27749,8880,1652
나곡1리 어촌체험 휴양마을(나곡1리),37.11695823,129.3776373,74482,30699,23743,18005,2035
나곡1리 어촌체험 휴양마을,37.11695823,129.3776373,74482,30699,23743,18005,2035
나곡바다낚시공원,37.11713975,129.3755048,19378,6595,7724,5059,0
나곡바다낚시공원,37.11713975,129.3755048,0,0,0,0,0
나곡바다낚시공원,37.11713975,129.3755048,19378,6595,7724,5059,0
덕구온천,37.07861669,129.2809862,1998405,733161,791950,332775,140519
덕구온천,37.07861669,129.2809862,38,38,0,0,0
덕구온천,37.07861669,129.2809862,1998443,733199,791950,332775,140519
등기산 출렁다리,36.68041997,129.464369,1170413,218744,580793,331758,39118
등기산 출렁다리,36.68041997,129.464369,1170413,218744,580793,331758,39118
망양정,36.96741027,129.412319,129115,41445,22075,43594,22001
망양정,36.96741027,129.412319,129115,41445,22075,43594,22001
민물고기전시관,36.96623551,129.3808043,208647,89221,96529,20878,2019
민물고기전시관,36.96623551,129.3808043,12,12,0,0,0
민물고기전시관,36.96623551,129.3808043,208659,89233,96529,20878,2019
백암온천마을,36.72132775,129.343467,18736,8003,9431,1302,0
백암온천마을,36.72132775,129.343467,0,0,0,0,0
백암온천마을,36.72132775,129.343467,18736,8003,9431,1302,0
봉평신라비전시관,37.04475017,129.4102145,26797,14737,2483,6369,3208
봉평신라비전시관,37.04475017,129.4102145,26797,14737,2483,6369,3208
불영사,36.94038614,129.2735013,326304,120488,102609,77776,25431
불영사,36.94038614,129.2735013,18,18,0,0,0
불영사,36.94038614,129.2735013,326322,120506,102609,77776,25431
성류굴,36.95582039,129.379072,1164140,491869,553774,82741,35756
성류굴,36.95582039,129.379072,27,27,0,0,0
성류굴,36.95582039,129.379072,1164167,491896,553774,82741,35756
성류파크온천이용(성류파크호텔),36.72055583,129.3407932,81552,40402,40350,800,0
성류파크온천이용,36.72055583,129.3407932,2,2,0,0,0
성류파크온천이용,36.72055583,129.3407932,81554,40404,40350,800,0
신선계곡,36.74783414,129.3309863,105316,63178,35749,6389,0
신선계곡,36.74783414,129.3309863,105316,63178,35749,6389,0
쌍전리 녹색농촌 체험휴양마을(쌍전리),36.93475729,129.1940911,16960,16191,606,163,0
쌍전리 녹색농촌 체험휴양마을,36.93475729,129.1940911,16960,16191,606,163,0
에코리움,36.96650697,129.2128144,21274,0,8917,9303,3054
에코리움,36.96650697,129.2128144,0,0,0,0,0
에코리움,36.96650697,129.2128144,21274,0,8917,9303,3054
엑스포공원,36.96986855,129.4037469,658258,170089,212498,201948,73723
엑스포공원,36.96986855,129.4037469,166,166,0,0,0
엑스포공원,36.96986855,129.4037469,658424,170255,212498,201948,73723
왕피거리고마을(왕피보건진료소),36.89301794,129.2872103,1195,895,300,0,0
왕피거리고마을,36.89301794,129.2872103,0,0,0,0,0
왕피거리고마을,36.89301794,129.2872103,1195,895,300,0,0
왕피천생태예약탐방로,36.95239638,129.3703947,6110,0,4946,997,167
왕피천생태예약탐방로,36.95239638,129.3703947,6110,0,4946,997,167
울진 금강송 문화관,37.02596513,129.2109946,1325,0,796,529,0
울진 금강송 문화관,37.02596513,129.2109946,1325,0,796,529,0
울진 대게 홍보전시관,36.6787502,129.4622533,88265,39030,33570,9247,6418
울진 대게 홍보전시관,36.6787502,129.4622533,88265,39030,33570,9247,6418
울진 후포리 신석기 유적관(후포면 등기산길 42),36.68201159,129.4624626,121356,0,50514,57843,12999
울진 후포리 신석기 유적관,36.68201159,129.4624626,121356,0,50514,57843,12999
울진과학체험관,36.99638607,129.4088238,85228,31029,30291,16928,6980
울진과학체험관,36.99638607,129.4088238,2,2,0,0,0
울진과학체험관,36.99638607,129.4088238,85230,31031,30291,16928,6980
울진요트학교,36.67918521,129.4504738,8254,2059,5375,280,540
울진요트학교,36.67918521,129.4504738,0,0,0,0,0
울진요트학교,36.67918521,129.4504738,8254,2059,5375,280,540
울진해양레포츠센터,36.8904672,129.4123855,19473,11933,166,0,7374
울진해양레포츠센터,36.8904672,129.4123855,0,0,0,0,0
울진해양레포츠센터,36.8904672,129.4123855,19473,11933,166,0,7374
원자력전시관,37.08447,129.3895639,84493,45697,32656,5477,663
원자력전시관,37.08447,129.3895639,227,97,120,10,0
원자력전시관,37.08447,129.3895639,84720,45794,32776,5487,663
월송정,36.74377855,129.4689206,190395,60137,54856,58950,16452
월송정,36.74377855,129.4689206,190395,60137,54856,58950,16452
캠프홀스,37.02687098,129.3897973,11972,1352,7160,3460,0
캠프홀스,37.02687098,129.3897973,0,0,0,0,0
캠프홀스,37.02687098,129.3897973,11972,1352,7160,3460,0
통고산자연휴양림,36.92444225,129.1933128,137404,53153,51150,30347,2754
통고산자연휴양림,36.92444225,129.1933128,0,0,0,0,0
통고산자연휴양림,36.92444225,129.1933128,137404,53153,51150,30347,2754
폭풍속으로 드라마세트장,37.05898643,129.4284021,107840,52655,47859,7326,0
폭풍속으로 드라마세트장,37.05898643,129.4284021,107840,52655,47859,7326,0
한화콘도온천이용(한화리조트 백암온천),36.72260331,129.3382686,833356,355949,288269,167262,21876
한화콘도온천이용,36.72260331,129.3382686,82,82,0,0,0
한화콘도온천이용,36.72260331,129.3382686,833438,356031,288269,167262,21876
향암미술관,36.71810696,129.3545298,5466,3386,2080,0,0
향암미술관,36.71810696,129.3545298,0,0,0,0,0
향암미술관,36.71810696,129.3545298,5466,3386,2080,0,0
관음도,37.54297113,130.9201297,316305,69421,130584,67484,48816
관음도,37.54297113,130.9201297,316305,69421,130584,67484,48816
독도,37.24168177,131.8648673,595645,217479,252567,72337,53262
독도,37.24168177,131.8648673,5007,2440,2290,58,219
독도,37.24168177,131.8648673,600652,219919,254857,72395,53481
독도 및 해돋이관광 케이블카(독도 일출전망대),37.47997716,130.9031965,296265,85687,120763,53389,36426
독도 및 해돋이관광 케이블카,37.47997716,130.9031965,4109,2121,1971,7,10
독도 및 해돋이관광 케이블카,37.47997716,130.9031965,300374,87808,122734,53396,36436
봉래폭포,37.49953538,130.8835402,443583,160745,170988,72509,39341
봉래폭포,37.49953538,130.8835402,4680,2586,2093,0,1
봉래폭포,37.49953538,130.8835402,448263,163331,173081,72509,39342
죽도,37.52942917,130.9376091,55039,25159,17837,6651,5392
죽도,37.52942917,130.9376091,131,95,36,0,0
죽도,37.52942917,130.9376091,55170,0,17873,6651,5392
태하향목관광 모노레일,37.51832081,130.7974167,140085,47073,61847,31165,0
태하향목관광 모노레일,37.51832081,130.7974167,910,274,634,2,0
태하향목관광 모노레일,37.51832081,130.7974167,140995,47347,62481,31167,0
