1987 영화촬영지(연희네슈퍼),34.78169818,126.3773405,669163,0,265927,287780,115456
1987 영화촬영지,34.78169818,126.3773405,669163,0,265927,287780,115456
가톨릭 목포 성지,34.79963144,126.3857771,161244,0,95045,41504,24695
가톨릭 목포 성지,34.79963144,126.3857771,161244,0,95045,41504,24695
고하도 용오름길(고하도),34.76659523,126.367214,75951,12528,15072,38028,10323
고하도 용오름길,34.76659523,126.367214,75951,12528,15072,38028,10323
고하도 전망대,34.77775987,126.3591605,615116,0,0,446776,168340
고하도 전망대,34.77775987,126.3591605,615116,0,0,446776,168340
국립해양문화재연구소,34.79208769,126.4217676,451965,188942,192745,48244,22034
국립해양문화재연구소,34.79208769,126.4217676,3597,1529,1682,209,177
국립해양문화재연구소,34.79208769,126.4217676,455562,190471,194427,48453,22211
김대중노벨평화상기념관,34.7828335,126.3923304,623287,246164,297231,50819,29073
김대중노벨평화상기념관,34.7828335,126.3923304,1910,639,1119,80,72
김대중노벨평화상기념관,34.7828335,126.3923304,625197,246803,298350,50899,29145
남농기념관,34.79292135,126.4196886,5125,2521,2604,0,0
남농기념관,34.79292135,126.4196886,71,40,31,0,0
남농기념관,34.79292135,126.4196886,5196,2561,2635,0,0
노을전망대,34.85927805,128.3848645,1391658,344536,419648,432754,194720
노을전망대,34.85927805,128.3848645,1391658,344536,419648,432754,194720
노적봉예술공원 미술관,34.78796969,126.3809011,91718,0,59000,21060,11658
노적봉예술공원 미술관,34.78796969,126.3809011,91718,0,59000,21060,11658
동본원사,34.78970032,126.3842863,729764,98903,155052,323587,152222
동본원사,34.78970032,126.3842863,729764,98903,155052,323587,152222
목포 국제스포츠클라이밍센터,34.81775111,126.4402764,3327,1857,1470,0,0
목포 국제스포츠클라이밍센터,34.81775111,126.4402764,11,0,11,0,0
목포 국제스포츠클라이밍센터,34.81775111,126.4402764,3338,1857,1481,0,0
목포 해상케이블카,34.79940179,126.3700239,947572,0,0,692916,254656
목포 해상케이블카,34.79940179,126.3700239,947572,0,0,692916,254656
목포갓바위,34.79219007,126.4257404,1450614,427462,360604,439900,222648
목포갓바위,34.79219007,126.4257404,1450614,427462,360604,439900,222648
목포국제축구센터,34.82944135,126.3964601,700823,308221,243206,99309,50087
목포국제축구센터,34.82944135,126.3964601,700823,308221,243206,99309,50087
목포근대역사관Ⅰ·Ⅱ관,34.78769578,126.3817942,518995,103409,254615,108167,52804
목포근대역사관Ⅰ·Ⅱ관,34.78769578,126.3817942,1409,495,727,82,105
목포근대역사관Ⅰ·Ⅱ관,34.78769578,126.3817942,520404,103904,255342,108249,52909
목포문학관,34.79275928,126.4170551,44255,19834,20677,2566,1178
목포문학관,34.79275928,126.4170551,125,96,29,0,0
목포문학관,34.79275928,126.4170551,44380,19930,20706,2566,1178
목포삼학도유람선,34.78101571,126.387931,61268,12509,22159,21917,4683
목포삼학도유람선,34.78101571,126.387931,0,0,0,0,0
목포삼학도유람선,34.78101571,126.387931,61268,12509,22159,21917,4683
목포시민문화체육센터,34.81229206,126.4381407,323597,148420,151785,18187,5205
목포시민문화체육센터,34.81229206,126.4381407,1726,902,779,45,0
목포시민문화체육센터,34.81229206,126.4381407,325323,149322,152564,18232,5205
목포시청소년수련원,34.82216147,126.4110273,37435,26971,10464,0,0
목포시청소년수련원,34.82216147,126.4110273,0,0,0,0,0
목포시청소년수련원,34.82216147,126.4110273,37435,26971,10464,0,0
목포실내수영장,34.82413833,126.40735,232398,78808,94288,16451,42851
목포실내수영장,34.82413833,126.40735,232398,78808,94288,16451,42851
목포요트마리나,34.78374235,126.3900194,251431,0,198207,35325,17899
목포요트마리나,34.78374235,126.3900194,251431,0,198207,35325,17899
목포자연사박물관,34.79391067,126.422503,940544,365916,459326,65064,50238
목포자연사박물관,34.79391067,126.422503,3638,1616,1662,218,142
목포자연사박물관,34.79391067,126.422503,944182,367532,460988,65282,50380
목포해양수산복합센터,34.80694759,126.3659643,652898,156828,496070,0,0
목포해양수산복합센터,34.80694759,126.3659643,652898,156828,496070,0,0
목화문화관(고하도),34.76655982,126.3672119,16562,0,0,0,16562
목화문화관,34.76655982,126.3672119,16562,0,0,0,16562
부주산국제파크골프장,34.81847108,126.4436808,86008,23931,28514,25463,8100
부주산국제파크골프장,34.81847108,126.4436808,0,0,0,0,0
부주산국제파크골프장,34.81847108,126.4436808,86008,23931,28514,25463,8100
부흥산 둘레길(부흥산),34.80608304,126.4427448,267708,47766,44160,106038,69744
부흥산 둘레길,34.80608304,126.4427448,267708,47766,44160,106038,69744
사랑의섬외달도,34.7786097,126.2976404,58351,21102,19952,13963,3334
사랑의섬외달도,34.7786097,126.2976404,1906,1030,832,44,0
사랑의섬외달도,34.7786097,126.2976404,60257,22132,20784,14007,3334
삼학도카누캠프,34.78374889,126.3900182,2001,438,1563,0,0
삼학도카누캠프,34.78374889,126.3900182,0,0,0,0,0
삼학도카누캠프,34.78374889,126.3900182,2001,438,1563,0,0
성옥기념관,34.78698576,126.3798645,41611,0,29146,8475,3990
성옥기념관,34.78698576,126.3798645,41611,0,29146,8475,3990
스카이워크,34.78805227,126.3670511,131447,0,0,0,131447
스카이워크,34.78805227,126.3670511,131447,0,0,0,131447
시민의 종,34.78868257,126.3822575,129941,0,47535,54351,28055
시민의 종,34.78868257,126.3822575,129941,0,47535,54351,28055
양을산 산림욕장,34.81249507,126.4077772,849238,115005,210855,341629,181749
양을산 산림욕장,34.81249507,126.4077772,849238,115005,210855,341629,181749
어린이바다과학관,34.78194962,126.3888243,483467,195324,167848,71650,48645
어린이바다과학관,34.78194962,126.3888243,501,162,248,40,51
어린이바다과학관,34.78194962,126.3888243,483968,195486,168096,71690,48696
어민 동산,34.79558795,126.3680929,594531,0,222941,254589,117001
어민 동산,34.79558795,126.3680929,594531,0,222941,254589,117001
영산호 카누경기장,34.80302854,126.4412018,2106,822,1284,0,0
영산호 카누경기장,34.80302854,126.4412018,13,13,0,0,0
영산호 카누경기장,34.80302854,126.4412018,2119,835,1284,0,0
유달산둘레길,34.79200404,126.3725379,1091721,352253,339423,283238,116807
유달산둘레길,34.79200404,126.3725379,1091721,352253,339423,283238,116807
유달유원지,34.7878356,126.3673901,337691,99423,86907,95623,55738
유달유원지,34.7878356,126.3673901,337691,99423,86907,95623,55738
입암산 둘레숲길(입암산),34.7961109,126.4152721,679891,77398,87318,378104,137071
입암산 둘레숲길,34.7961109,126.4152721,679891,77398,87318,378104,137071
조각 공원,34.79590535,126.368988,318609,0,84919,152568,81122
조각 공원,34.79590535,126.368988,318609,0,84919,152568,81122
춤추는 바다분수,34.79464537,126.4339362,1852012,404840,708165,541840,197167
춤추는 바다분수,34.79464537,126.4339362,1852012,404840,708165,541840,197167
(주)여수예술랜드(리조트),34.69651929,127.7786487,653433,0,392942,260491,0
(주)여수예술랜드,34.69651929,127.7786487,653433,0,392942,260491,0
거문도,34.04852919,127.3183067,640456,187967,201985,250504,0
거문도,34.04852919,127.3183067,113,42,26,45,0
거문도,34.04852919,127.3183067,640569,188009,202011,250549,0
경도골프장,34.7133412,127.7250851,365911,117205,126006,122700,0
경도골프장,34.7133412,127.7250851,0,0,0,0,0
경도골프장,34.7133412,127.7250851,365911,117205,126006,122700,0
굴전여가캠핑장,34.692336,127.7651312,51340,17932,16352,17056,0
굴전여가캠핑장,34.692336,127.7651312,0,0,0,0,0
굴전여가캠핑장,34.692336,127.7651312,51340,17932,16352,17056,0
금오도,34.53079141,127.7359316,812908,333194,247330,232384,0
금오도,34.53079141,127.7359316,317,195,79,43,0
금오도,34.53079141,127.7359316,813225,333389,247409,232427,0
돌산공원(여수해상케이블카),34.73054155,127.7415715,4435484,1853622,1666153,915709,0
돌산공원(여수해상케이블카),34.73054155,127.7415715,4435484,1853622,1666153,915709,0
디오션골프장,34.64907095,127.6288675,279763,88543,92883,98337,0
디오션골프장,34.64907095,127.6288675,0,0,0,0,0
디오션골프장,34.64907095,127.6288675,279763,88543,92883,98337,0
디오션리조트 워터파크,34.73132441,127.6439556,804563,306366,335334,162863,0
디오션리조트 워터파크,34.73132441,127.6439556,0,0,0,0,0
디오션리조트 워터파크,34.73132441,127.6439556,804563,306366,335334,162863,0
만성리검은모래해변,34.77583761,127.7446313,65546,65546,0,0,0
만성리검은모래해변,34.77583761,127.7446313,65546,65546,0,0,0
모사금해수욕장,34.79598845,127.7561376,40703,40703,0,0,0
모사금해수욕장,34.79598845,127.7561376,40703,40703,0,0,0
방죽포해수욕장,34.63086778,127.7924828,32660,32660,0,0,0
방죽포해수욕장,34.63086778,127.7924828,32660,32660,0,0,0
봉황산자연휴양림,34.61721495,127.7553916,48969,24295,22096,2578,0
봉황산자연휴양림,34.61721495,127.7553916,0,0,0,0,0
봉황산자연휴양림,34.61721495,127.7553916,48969,24295,22096,2578,0
북한반잠수정,34.60587287,127.7869687,148451,56576,51694,40181,0
북한반잠수정,34.60587287,127.7869687,148451,56576,51694,40181,0
소호요트장(폐업),34.73831711,127.6501068,36075,5123,26324,4628,0
소호요트장,34.73831711,127.6501068,0,0,0,0,0
소호요트장,34.73831711,127.6501068,36075,5123,26324,4628,0
손양원목사기념관,34.83998715,127.6349222,63177,14040,40212,8925,0
손양원목사기념관,34.83998715,127.6349222,63177,14040,40212,8925,0
송시마을체험장,34.63025699,127.7273445,11519,4056,7463,0,0
송시마을체험장,34.63025699,127.7273445,0,0,0,0,0
송시마을체험장,34.63025699,127.7273445,11519,4056,7463,0,0
시티파크골프장,34.77743269,127.6899581,274962,85975,83723,105264,0
시티파크골프장,34.77743269,127.6899581,0,0,0,0,0
시티파크골프장,34.77743269,127.6899581,274962,85975,83723,105264,0
아쿠아플라넷여수,34.74649239,127.7483465,2172515,941572,780468,450475,0
아쿠아플라넷여수,34.74649239,127.7483465,1540,949,514,77,0
아쿠아플라넷여수,34.74649239,127.7483465,2174055,942521,780982,450552,0
엑스포해양공원(EDG),34.74203944,127.7530374,9443068,3334613,3627470,2480985,0
엑스포해양공원(EDG),34.74203944,127.7530374,0,0,0,0,0
엑스포해양공원(EDG),34.74203944,127.7530374,9443068,3334613,3627470,2480985,0
여수민속전시관,34.84691494,127.5569224,26234,11077,12484,2673,0
여수민속전시관,34.84691494,127.5569224,18,4,14,0,0
여수민속전시관,34.84691494,127.5569224,26252,11081,12498,2673,0
여수하멜전시관,34.73657387,127.7486774,329456,100934,133856,94666,0
여수하멜전시관,34.73657387,127.7486774,473,111,354,8,0
여수하멜전시관,34.73657387,127.7486774,329929,101045,134210,94674,0
여수해양레일바이크,34.77247974,127.74676,711564,299265,287871,124428,0
여수해양레일바이크,34.77247974,127.74676,4352,2072,1916,364,0
여수해양레일바이크,34.77247974,127.74676,715916,301337,289787,124792,0
"여자만(시티투어,갯벌체험)(여자만 갯벌)",34.78946888,127.5674594,88038,27171,37289,23578,0
"여자만(시티투어,갯벌체험)",34.78946888,127.5674594,761,227,145,389,0
"여자만(시티투어,갯벌체험)",34.78946888,127.5674594,88799,27398,37434,23967,0
예울마루,34.74981429,127.6649374,346686,85384,142522,118780,0
예울마루,34.74981429,127.6649374,155,155,0,0,0
예울마루,34.74981429,127.6649374,346841,85539,142522,118780,0
오동도,34.74465598,127.766501,7569770,2990846,2890289,1688635,0
오동도,34.74465598,127.766501,37093,10367,18079,8647,0
오동도,34.74465598,127.766501,7606863,3001213,2908368,1697282,0
웅천친수공원해변,34.74721566,127.6677344,181933,76126,76417,29390,0
웅천친수공원해변,34.74721566,127.6677344,181933,76126,76417,29390,0
유람선(오동도 코스)(오동도 유람선 매표소),34.74090686,127.7557435,1330274,648234,543306,138734,0
유람선(오동도 코스),34.74090686,127.7557435,543,271,233,39,0
유람선(오동도 코스),34.74090686,127.7557435,1330817,648505,543539,138773,0
유월드 루지테마파크,34.74779601,127.6412501,293488,0,0,293488,0
유월드 루지테마파크,34.74779601,127.6412501,293488,0,0,293488,0
장도(예술의섬),34.7419925,127.6640062,294501,0,0,294501,0
장도(예술의섬),34.7419925,127.6640062,294501,0,0,294501,0
장등해수욕장(장등해변),34.64489232,127.6112534,6692,6692,0,0,0
장등해수욕장,34.64489232,127.6112534,6692,6692,0,0,0
전라남도 해양수산과학관,34.68365899,127.7759796,529851,218608,267937,43306,0
전라남도 해양수산과학관,34.68365899,127.7759796,131,107,24,0,0
전라남도 해양수산과학관,34.68365899,127.7759796,529982,218715,267961,43306,0
전라좌수영거북선,34.73897447,127.7359138,1006225,684413,321812,0,0
전라좌수영거북선,34.73897447,127.7359138,1006225,684413,321812,0,0
좌수영다리(여수진남관),34.74192236,127.7366076,116170,0,0,116170,0
좌수영다리,34.74192236,127.7366076,116170,0,0,116170,0
진남관,34.74192236,127.7366076,267847,141664,115391,10792,0
진남관,34.74192236,127.7366076,2428,1188,1222,18,0
진남관,34.74192236,127.7366076,270275,142852,116613,10810,0
하화도,34.5922272,127.6171227,136924,60992,55096,20836,0
하화도,34.5922272,127.6171227,92,61,7,24,0
하화도,34.5922272,127.6171227,137016,61053,55103,20860,0
향일암,34.59161895,127.8039252,2050453,750212,763223,537018,0
향일암,34.59161895,127.8039252,9045,0,5823,3222,0
향일암,34.59161895,127.8039252,2059498,750212,769046,540240,0
흥국사,34.82119299,127.7003312,198232,26013,148261,23958,0
흥국사,34.82119299,127.7003312,762,67,574,121,0
흥국사,34.82119299,127.7003312,198994,26080,148835,24079,0
거차 뻘배 체험장,34.83755945,127.4475561,23470,6353,10050,7067,0
거차 뻘배 체험장,34.83755945,127.4475561,23470,6353,10050,7067,0
고인돌공원,34.97937897,127.2255578,45125,12849,22672,9604,0
고인돌공원,34.97937897,127.2255578,0,0,0,0,0
고인돌공원,34.97937897,127.2255578,45125,12849,22672,9604,0
그림책도서관,34.95744552,127.4871546,68872,30972,31405,6495,0
그림책도서관,34.95744552,127.4871546,75,69,6,0,0
그림책도서관,34.95744552,127.4871546,68947,31041,31411,6495,0
기독교역사박물관,34.96028322,127.4801332,100156,42931,52296,4929,0
기독교역사박물관,34.96028322,127.4801332,174,122,48,4,0
기독교역사박물관,34.96028322,127.4801332,100330,43053,52344,4933,0
기적의도서관,34.94717075,127.5276587,26846,0,1778,25068,0
기적의도서관,34.94717075,127.5276587,26846,0,1778,25068,0
낙안민속자연휴양림,34.91334053,127.3534501,98419,42163,39086,17170,0
낙안민속자연휴양림,34.91334053,127.3534501,98419,42163,39086,17170,0
낙안읍성민속마을,34.90711704,127.3411864,2074635,783647,958292,332696,0
낙안읍성민속마을,34.90711704,127.3411864,14563,6645,7161,757,0
낙안읍성민속마을,34.90711704,127.3411864,2089198,790292,965453,333453,0
레이크힐스 골프장,35.04464516,127.3079804,454041,113535,164974,175532,0
레이크힐스 골프장,35.04464516,127.3079804,0,0,0,0,0
레이크힐스 골프장,35.04464516,127.3079804,454041,113535,164974,175532,0
물사랑 학습 체험관,34.9071346,127.5121578,25899,0,21912,3987,0
물사랑 학습 체험관,34.9071346,127.5121578,25899,0,21912,3987,0
방원공룡박물관(폐업),34.86450103,127.4643142,1457,1457,0,0,0
방원공룡박물관,34.86450103,127.4643142,0,0,0,0,0
방원공룡박물관,34.86450103,127.4643142,1457,1457,0,0,0
부영컨트리클럽,34.93831439,127.5554775,213428,67470,83331,62627,0
부영컨트리클럽,34.93831439,127.5554775,0,0,0,0,0
부영컨트리클럽,34.93831439,127.5554775,213428,67470,83331,62627,0
빅토리아하우스,34.95441284,127.4815416,52053,0,48195,3858,0
빅토리아하우스,34.95441284,127.4815416,1467,0,1462,5,0
빅토리아하우스,34.95441284,127.4815416,53520,0,49657,3863,0
선암사,34.99605612,127.3304458,785908,263737,306241,215930,0
선암사,34.99605612,127.3304458,649,287,362,0,0
선암사,34.99605612,127.3304458,786557,264024,306603,215930,0
송광사,35.00215721,127.2759348,458577,154635,192376,111566,0
송광사,35.00215721,127.2759348,6520,3418,3022,80,0
송광사,35.00215721,127.2759348,465097,158053,195398,111646,0
순천 드라마 촬영장,34.95699732,127.5375972,1523987,601166,754008,168813,0
순천 드라마 촬영장,34.95699732,127.5375972,5261,2079,2800,382,0
순천 드라마 촬영장,34.95699732,127.5375972,1529248,603245,756808,169195,0
순천만국가정원·순천만습지,34.92892088,127.4989012,13498877,5428104,6137760,1933013,0
순천만국가정원·순천만습지,34.92892088,127.4989012,67944,21278,41937,4729,0
순천만국가정원·순천만습지,34.92892088,127.4989012,13566821,5449382,6179697,1937742,0
순천만생태문화교육원,34.9312461,127.5135774,21794,0,0,21794,0
순천만생태문화교육원,34.9312461,127.5135774,0,0,0,0,0
순천만생태문화교육원,34.9312461,127.5135774,21794,0,0,21794,0
순천문화건강센터 수영장,34.96774777,127.4868137,267163,0,169396,97767,0
순천문화건강센터 수영장,34.96774777,127.4868137,5,0,5,0,0
순천문화건강센터 수영장,34.96774777,127.4868137,267168,0,169401,97767,0
순천문화예술회관 ,34.97067474,127.485377,66965,0,55244,11721,0
순천문화예술회관 ,34.97067474,127.485377,2,0,2,0,0
순천문화예술회관 ,34.97067474,127.485377,66967,0,55246,11721,0
순천생태마을,35.06652374,127.360328,18577,6573,11278,726,0
순천생태마을,35.06652374,127.360328,18577,6573,11278,726,0
순천시립뿌리깊은나무박물관,34.90364171,127.3398568,77622,0,62647,14975,0
순천시립뿌리깊은나무박물관,34.90364171,127.3398568,77622,0,62647,14975,0
순천시청소년수련원,35.04589844,127.472964,114422,51737,61109,1576,0
순천시청소년수련원,35.04589844,127.472964,1201,265,936,0,0
순천시청소년수련원,35.04589844,127.472964,115623,52002,62045,1576,0
순천용오름마을,35.09211857,127.2021829,46887,15063,14682,17142,0
순천용오름마을,35.09211857,127.2021829,46887,15063,14682,17142,0
순천자연휴양림,35.04623506,127.4772686,90790,42052,37418,11320,0
순천자연휴양림,35.04623506,127.4772686,641,641,0,0,0
순천자연휴양림,35.04623506,127.4772686,91431,42693,37418,11320,0
순천철도마을박물관,34.94924759,127.5007247,5289,0,4603,686,0
순천철도마을박물관,34.94924759,127.5007247,2,0,2,0,0
순천철도마을박물관,34.94924759,127.5007247,5291,0,4605,686,0
순천컨트리클럽,34.86815496,127.4022983,114411,30461,44513,39437,0
순천컨트리클럽,34.86815496,127.4022983,0,0,0,0,0
순천컨트리클럽,34.86815496,127.4022983,114411,30461,44513,39437,0
순천향매실마을,35.06553757,127.4069986,16292,6589,8916,787,0
순천향매실마을,35.06553757,127.4069986,16292,6589,8916,787,0
승주CC,34.90114809,127.448585,386390,115573,144359,126458,0
승주CC,34.90114809,127.448585,0,0,0,0,0
승주CC,34.90114809,127.448585,386390,115573,144359,126458,0
어린이교통공원,34.91228572,127.5008924,17090,0,15680,1410,0
어린이교통공원,34.91228572,127.5008924,17090,0,15680,1410,0
업사이클센터더새롬,34.93252032,127.5125511,12422,0,8933,3489,0
업사이클센터더새롬,34.93252032,127.5125511,0,0,0,0,0
업사이클센터더새롬,34.93252032,127.5125511,12422,0,8933,3489,0
에코촌유스호스텔,34.92258832,127.5174048,54754,26172,27353,1229,0
에코촌유스호스텔,34.92258832,127.5174048,325,0,320,5,0
에코촌유스호스텔,34.92258832,127.5174048,55079,26172,27673,1234,0
전통야생차체험관,34.99482132,127.3342001,211587,0,203939,7648,0
전통야생차체험관,34.99482132,127.3342001,211587,0,203939,7648,0
청춘창고,34.94799174,127.4987588,160765,0,72484,88281,0
청춘창고,34.94799174,127.4987588,0,0,0,0,0
청춘창고,34.94799174,127.4987588,160765,0,72484,88281,0
파인힐스골프장,35.03413424,127.2721841,478717,113275,223328,142114,0
파인힐스골프장,35.03413424,127.2721841,0,0,0,0,0
파인힐스골프장,35.03413424,127.2721841,478717,113275,223328,142114,0
팔마실내수영장,34.93622441,127.5198536,162354,0,119417,42937,0
팔마실내수영장,34.93622441,127.5198536,0,0,0,0,0
팔마실내수영장,34.93622441,127.5198536,162354,0,119417,42937,0
팔마체육관,34.93622441,127.5198536,2900,0,0,2900,0
팔마체육관,34.93622441,127.5198536,2900,0,0,2900,0
골드레이크CC,34.95940744,126.8734638,518334,156087,174650,187597,0
골드레이크CC,34.95940744,126.8734638,432,56,76,300,0
골드레이크CC,34.95940744,126.8734638,518766,156143,174726,187897,0
국립나주박물관,34.91604455,126.6579321,514144,235905,244005,34234,0
국립나주박물관,34.91604455,126.6579321,2097,1006,1034,57,0
국립나주박물관,34.91604455,126.6579321,516241,236911,245039,34291,0
국제농업박람회장,35.0236003,126.8309082,0,0,0,0,0
국제농업박람회장,35.0236003,126.8309082,0,0,0,0,0
금성관,35.03330268,126.7166294,414216,154934,153852,105430,0
금성관,35.03330268,126.7166294,414216,154934,153852,105430,0
금성산 둘레길(금성산),35.05492492,126.6971596,82243,13349,33762,35132,0
금성산 둘레길,35.05492492,126.6971596,82243,13349,33762,35132,0
나주CC,34.94172485,126.6399307,95372,33528,28156,33688,0
나주CC,34.94172485,126.6399307,4,0,0,4,0
나주CC,34.94172485,126.6399307,95376,33528,28156,33692,0
나주목사내아,35.03219426,126.7153372,3344,1541,1342,461,0
나주목사내아,35.03219426,126.7153372,0,0,0,0,0
나주목사내아,35.03219426,126.7153372,3344,1541,1342,461,0
나주학생독립운동기념관,35.02802887,126.726282,50810,12018,27350,11442,0
나주학생독립운동기념관,35.02802887,126.726282,50810,12018,27350,11442,0
나주힐스CC,34.8941595,126.7256665,121513,37346,40238,43929,0
나주힐스CC,34.8941595,126.7256665,0,0,0,0,0
나주힐스CC,34.8941595,126.7256665,121513,37346,40238,43929,0
복암리 고분전시관,34.99624706,126.6578047,45365,18484,18151,8730,0
복암리 고분전시관,34.99624706,126.6578047,45365,18484,18151,8730,0
부영CC,35.01414111,126.8038469,164663,62294,61788,40581,0
부영CC,35.01414111,126.8038469,164663,62294,61788,40581,0
불회사 입구(덕룡산 불회사),34.90843131,126.8229388,47572,0,31059,16513,0
불회사 입구,34.90843131,126.8229388,47572,0,31059,16513,0
빛가람전망대,35.01706295,126.7905848,603073,204392,294779,103902,0
빛가람전망대,35.01706295,126.7905848,603073,204392,294779,103902,0
영상테마파크,34.97973073,126.5999269,86504,34005,34246,18253,0
영상테마파크,34.97973073,126.5999269,0,0,0,0,0
영상테마파크,34.97973073,126.5999269,86504,34005,34246,18253,0
전라남도 산림자원연구소,35.00646959,126.8256977,343788,160141,107242,76405,0
전라남도 산림자원연구소,35.00646959,126.8256977,343788,160141,107242,76405,0
중흥골드스파,34.94789495,126.8710944,577711,268884,226820,82007,0
중흥골드스파,34.94789495,126.8710944,0,0,0,0,0
중흥골드스파,34.94789495,126.8710944,577711,268884,226820,82007,0
천연염색박물관,34.99417096,126.662865,208090,75064,98326,34700,0
천연염색박물관,34.99417096,126.662865,0,0,0,0,0
천연염색박물관,34.99417096,126.662865,208090,75064,98326,34700,0
해피니스CC,34.99570816,126.8327154,454522,114369,155211,184942,0
해피니스CC,34.99570816,126.8327154,0,0,0,0,0
해피니스CC,34.99570816,126.8327154,454522,114369,155211,184942,0
황포돛배,34.9997325,126.709587,47593,23047,19615,4931,0
황포돛배,34.9997325,126.709587,0,0,0,0,0
황포돛배,34.9997325,126.709587,47593,23047,19615,4931,0
고사마을(고사마을회관),35.1135381,127.6874016,22843,9043,10200,3600,0
고사마을,35.1135381,127.6874016,0,0,0,0,0
고사마을,35.1135381,127.6874016,22843,9043,10200,3600,0
광양궁시전수교육관,34.98792561,127.5857294,1300,0,0,1300,0
광양궁시전수교육관,34.98792561,127.5857294,1300,0,0,1300,0
광양문예회관,34.97993928,127.587558,7064,0,0,7064,0
광양문예회관,34.97993928,127.587558,7064,0,0,7064,0
광양실내수영장,34.98112509,127.5730295,287321,0,202850,84471,0
광양실내수영장,34.98112509,127.5730295,287321,0,202850,84471,0
광양에코파크,34.96160572,127.6087358,29063,0,18836,10227,0
광양에코파크,34.96160572,127.6087358,0,0,0,0,0
광양에코파크,34.96160572,127.6087358,29063,0,18836,10227,0
광양역사문화관,34.97572515,127.5861231,46173,19775,18334,8064,0
광양역사문화관,34.97572515,127.5861231,46173,19775,18334,8064,0
광양와인동굴,34.96118728,127.6088559,260609,141514,94672,24423,0
광양와인동굴,34.96118728,127.6088559,260609,141514,94672,24423,0
광양제철소,34.93286111,127.7361051,72709,33321,38338,1050,0
광양제철소,34.93286111,127.7361051,4101,1864,2237,0,0
광양제철소,34.93286111,127.7361051,76810,35185,40575,1050,0
광양컨트리클럽(거명컨트리클럽),34.95535623,127.7078678,57896,0,25833,32063,0
광양컨트리클럽,34.95535623,127.7078678,57896,0,25833,32063,0
광양항컨테이너부두(광양항),34.91534209,127.6811577,10696,6446,4250,0,0
광양항컨테이너부두,34.91534209,127.6811577,691,504,187,0,0
광양항컨테이너부두,34.91534209,127.6811577,11387,6950,4437,0,0
구봉산전망대,34.93655727,127.6425935,311424,96565,133233,81626,0
구봉산전망대,34.93655727,127.6425935,311424,96565,133233,81626,0
국사봉 사계절썰매장,35.00571278,127.6536563,11223,8372,1731,1120,0
국사봉 사계절썰매장,35.00571278,127.6536563,11223,8372,1731,1120,0
김시식지,34.94678003,127.7517169,49759,22841,20303,6615,0
김시식지,34.94678003,127.7517169,0,0,0,0,0
김시식지,34.94678003,127.7517169,49759,22841,20303,6615,0
느랭이골자연휴양림,35.05969692,127.7106543,58197,33134,16958,8105,0
느랭이골자연휴양림,35.05969692,127.7106543,58197,33134,16958,8105,0
도선국사마을,35.04411263,127.5928762,145146,55504,56583,33059,0
도선국사마을,35.04411263,127.5928762,0,0,0,0,0
도선국사마을,35.04411263,127.5928762,145146,55504,56583,33059,0
매천 황현선생 생가,34.99346533,127.5617342,41686,14185,22414,5087,0
매천 황현선생 생가,34.99346533,127.5617342,0,0,0,0,0
매천 황현선생 생가,34.99346533,127.5617342,41686,14185,22414,5087,0
메아리마을,35.15442237,127.6513998,31129,13404,14140,3585,0
메아리마을,35.15442237,127.6513998,40,40,0,0,0
메아리마을,35.15442237,127.6513998,31169,13444,14140,3585,0
백운산 자연휴양림,35.0548612,127.5914345,215561,97127,85097,33337,0
백운산 자연휴양림,35.0548612,127.5914345,0,0,0,0,0
백운산 자연휴양림,35.0548612,127.5914345,215561,97127,85097,33337,0
백운산 치유의 숲 센터 ,35.05609138,127.5864611,5689,0,0,5689,0
백운산 치유의 숲 센터 ,35.05609138,127.5864611,5689,0,0,5689,0
백운산 하천섬공원(동천내하천공원),35.00179337,127.6123877,63605,0,0,63605,0
백운산 하천섬공원,35.00179337,127.6123877,63605,0,0,63605,0
백운산등산로(백운산),35.10721542,127.6218613,1402135,0,851438,550697,0
백운산등산로,35.10721542,127.6218613,1402135,0,851438,550697,0
백운산마을,35.03292283,127.6171908,38999,13974,16287,8738,0
백운산마을,35.03292283,127.6171908,0,0,0,0,0
백운산마을,35.03292283,127.6171908,38999,13974,16287,8738,0
백학동마을,35.0525563,127.6868759,90732,30028,31190,29514,0
백학동마을,35.0525563,127.6868759,160,0,0,160,0
백학동마을,35.0525563,127.6868759,90892,30028,31190,29674,0
봉강햇살촌(봉강햇살수련원),35.05220546,127.5651619,43414,14362,15742,13310,0
봉강햇살촌,35.05220546,127.5651619,0,0,0,0,0
봉강햇살촌,35.05220546,127.5651619,43414,14362,15742,13310,0
사라실 라벤더 치유정원,34.95021654,127.6238935,17324,0,1904,15420,0
사라실 라벤더 치유정원,34.95021654,127.6238935,0,0,0,0,0
사라실 라벤더 치유정원,34.95021654,127.6238935,17324,0,1904,15420,0
섬진강 자전거길(섬진강 100리 테마로드)(섬진강),34.96355184,127.7600156,157516,45703,65027,46786,0
섬진강 자전거길(섬진강 100리 테마로드),34.96355184,127.7600156,157516,45703,65027,46786,0
옥룡사지 동백나무 숲(광양 옥룡사지),35.04717946,127.6058842,225022,104847,96799,23376,0
옥룡사지 동백나무 숲,35.04717946,127.6058842,225022,104847,96799,23376,0
윤동주 유고 보존 정병욱 가옥 ,34.97096385,127.7590671,66863,15137,41630,10096,0
윤동주 유고 보존 정병욱 가옥 ,34.97096385,127.7590671,66863,15137,41630,10096,0
장도전수관(박물관),34.97701253,127.5806521,100224,51947,44671,3606,0
장도전수관(박물관),34.97701253,127.5806521,4066,2735,1318,13,0
장도전수관(박물관),34.97701253,127.5806521,104290,54682,45989,3619,0
청매실농원,35.07485299,127.7163118,5560356,2113082,2498658,948616,0
청매실농원,35.07485299,127.7163118,5560356,2113082,2498658,948616,0
형제의병장마을,35.0586211,127.5624024,10907,3454,3846,3607,0
형제의병장마을,35.0586211,127.5624024,0,0,0,0,0
형제의병장마을,35.0586211,127.5624024,10907,3454,3846,3607,0
가마골생태공원,35.4450195,127.0227797,64348,24997,18693,20658,0
가마골생태공원,35.4450195,127.0227797,2,2,0,0,0
가마골생태공원,35.4450195,127.0227797,64350,24999,18693,20658,0
곤충박물관(옐로우지브라),35.32278628,127.0054441,143511,0,101662,41849,0
곤충박물관,35.32278628,127.0054441,143511,0,101662,41849,0
금성산성,35.36477808,127.0309642,20539,0,0,20539,0
금성산성,35.36477808,127.0309642,20539,0,0,20539,0
담양 커피농장,35.34581105,127.025777,13134,0,4416,8718,0
담양 커피농장,35.34581105,127.025777,13134,0,4416,8718,0
담양온천,35.36578239,127.0254136,177116,0,80437,96679,0
담양온천,35.36578239,127.0254136,177116,0,80437,96679,0
라온야영장(라온글램핑),35.33374567,126.8638329,13765,0,4423,9342,0
라온야영장,35.33374567,126.8638329,13765,0,4423,9342,0
레이나CC,35.30877876,127.0190753,128620,0,69012,59608,0
레이나CC,35.30877876,127.0190753,128620,0,69012,59608,0
메타세쿼이아가로수길,35.32369045,127.0041379,1098225,383885,415744,298596,0
메타세쿼이아가로수길,35.32369045,127.0041379,8606,4634,3726,246,0
메타세쿼이아가로수길,35.32369045,127.0041379,1106831,388519,419470,298842,0
메타프로방스,35.32191237,127.001888,2081797,0,1168539,913258,0
메타프로방스,35.32191237,127.001888,2081797,0,1168539,913258,0
명옥헌원림,35.21956816,126.9962769,392354,0,145601,246753,0
명옥헌원림,35.21956816,126.9962769,392354,0,145601,246753,0
병풍산,35.32502215,126.8861482,95496,0,45073,50423,0
병풍산,35.32502215,126.8861482,95496,0,45073,50423,0
소쇄원,35.18428863,127.012132,456531,168103,171951,116477,0
소쇄원,35.18428863,127.012132,2302,1003,1197,102,0
소쇄원,35.18428863,127.012132,458833,169106,173148,116579,0
식영정,35.18848168,127.0018362,18050,0,9278,8772,0
식영정,35.18848168,127.0018362,18050,0,9278,8772,0
용마루길,35.40279846,126.999412,920139,296411,330729,292999,0
용마루길,35.40279846,126.999412,920139,296411,330729,292999,0
죽녹원,35.32663029,126.9853842,2476444,954252,897387,624805,0
죽녹원,35.32663029,126.9853842,8887,4793,3623,471,0
죽녹원,35.32663029,126.9853842,2485331,959045,901010,625276,0
죽향컨트리클럽,35.27757368,127.0139314,90520,0,38971,51549,0
죽향컨트리클럽,35.27757368,127.0139314,90520,0,38971,51549,0
죽화경,35.25402156,126.9614121,8534,0,0,8534,0
죽화경,35.25402156,126.9614121,8534,0,0,8534,0
창평슬로시티(슬로시티 주차장),35.2369445,127.0165012,641439,165188,229077,247174,0
창평슬로시티,35.2369445,127.0165012,701,453,248,0,0
창평슬로시티,35.2369445,127.0165012,642140,165641,229325,247174,0
추억의골목,35.37224181,127.0196035,110634,0,93247,17387,0
추억의골목,35.37224181,127.0196035,110634,0,93247,17387,0
추원산 골드캠핑장,35.42618311,127.0142103,5794,0,3653,2141,0
추원산 골드캠핑장,35.42618311,127.0142103,5794,0,3653,2141,0
추월산입구(추월산),35.39921596,126.9756226,77956,0,0,77956,0
추월산입구,35.39921596,126.9756226,77956,0,0,77956,0
한국가사문학관,35.1877556,127.004625,140545,65873,56305,18367,0
한국가사문학관,35.1877556,127.004625,254,167,75,12,0
한국가사문학관,35.1877556,127.004625,140799,66040,56380,18379,0
한국대나무박물관,35.30936889,126.9764661,134623,63150,55701,15772,0
한국대나무박물관,35.30936889,126.9764661,1340,854,456,30,0
한국대나무박물관,35.30936889,126.9764661,135963,64004,56157,15802,0
한재골(한재골농원),35.29157496,126.8979841,57518,0,30624,26894,0
한재골,35.29157496,126.8979841,57518,0,30624,26894,0
광주CC,35.31013252,127.1699165,398715,122873,125998,149844,0
광주CC,35.31013252,127.1699165,89,16,69,4,0
광주CC,35.31013252,127.1699165,398804,122889,126067,149848,0
대황강 출렁다리,35.14828426,127.3197614,70947,0,18572,52375,0
대황강 출렁다리,35.14828426,127.3197614,70947,0,18572,52375,0
도깨비마을,35.25377341,127.3623969,32675,11893,13344,7438,0
도깨비마을,35.25377341,127.3623969,32675,11893,13344,7438,0
도림사,35.26046342,127.2743709,288350,44544,131060,112746,0
도림사,35.26046342,127.2743709,0,0,0,0,0
도림사,35.26046342,127.2743709,288350,44544,131060,112746,0
무창 농촌체험 휴양마을(가정녹색농촌체험마을),35.22668379,127.3706584,16076,5845,6423,3808,0
무창 농촌체험 휴양마을,35.22668379,127.3706584,16076,5845,6423,3808,0
봉조 농촌체험 휴양마을(봉조농촌체험학교),35.21431219,127.3602818,16477,7013,7779,1685,0
봉조 농촌체험 휴양마을,35.21431219,127.3602818,16477,7013,7779,1685,0
상한 농촌체험 휴양마을,35.16099635,127.398799,24686,9958,10846,3882,0
상한 농촌체험 휴양마을,35.16099635,127.398799,24686,9958,10846,3882,0
섬진강 기차마을,35.27910136,127.3074807,1634979,732847,660084,242048,0
섬진강 기차마을,35.27910136,127.3074807,7605,5227,2127,251,0
섬진강 기차마을,35.27910136,127.3074807,1642584,738074,662211,242299,0
섬진강 레일바이크,35.25922351,127.3491975,128330,59632,48378,20320,0
섬진강 레일바이크,35.25922351,127.3491975,128330,59632,48378,20320,0
섬진강 천문대,35.22663632,127.3691687,31441,15027,13293,3121,0
섬진강 천문대,35.22663632,127.3691687,31441,15027,13293,3121,0
섬진강자연학습원,35.31693082,127.169896,6344,2849,3465,30,0
섬진강자연학습원,35.31693082,127.169896,0,0,0,0,0
섬진강자연학습원,35.31693082,127.169896,6344,2849,3465,30,0
성륜사,35.2977988,127.121087,42256,0,19622,22634,0
성륜사,35.2977988,127.121087,42256,0,19622,22634,0
심청문화센터,35.20839519,127.1291185,6039,1053,1497,3489,0
심청문화센터,35.20839519,127.1291185,40,40,0,0,0
심청문화센터,35.20839519,127.1291185,6079,1093,1497,3489,0
옥과미술관,35.29705491,127.1226595,68193,42899,19872,5422,0
옥과미술관,35.29705491,127.1226595,922,51,871,0,0
옥과미술관,35.29705491,127.1226595,69115,42950,20743,5422,0
외가집체험마을(두계외갓집체험마을),35.23876244,127.3716271,5282,1781,1778,1723,0
외가집체험마을,35.23876244,127.3716271,63,0,63,0,0
외가집체험마을,35.23876244,127.3716271,5345,1781,1841,1723,0
조태일시문학기념관,35.13355408,127.3685509,21689,9876,8515,3298,0
조태일시문학기념관,35.13355408,127.3685509,21689,9876,8515,3298,0
죽산 농촌체험 휴양마을,35.23338192,127.175147,5303,1258,2807,1238,0
죽산 농촌체험 휴양마을,35.23338192,127.175147,5303,1258,2807,1238,0
청소년야영장,35.33620516,127.0481112,25580,12366,8014,5200,0
청소년야영장,35.33620516,127.0481112,0,0,0,0,0
청소년야영장,35.33620516,127.0481112,25580,12366,8014,5200,0
침실습지,35.28495474,127.3290782,123043,0,27096,95947,0
침실습지,35.28495474,127.3290782,123043,0,27096,95947,0
태안사,35.13175702,127.3870521,73968,32184,23085,18699,0
태안사,35.13175702,127.3870521,0,0,0,0,0
태안사,35.13175702,127.3870521,73968,32184,23085,18699,0
The-K 지리산가족호텔(온천이용),35.32201239,127.4622264,214115,78514,83042,52559,0
The-K 지리산가족호텔(온천이용),35.32201239,127.4622264,0,0,0,0,0
The-K 지리산가족호텔(온천이용),35.32201239,127.4622264,214115,78514,83042,52559,0
구례군청소년수련관,35.31771933,127.4621944,5332,3962,1370,0,0
구례군청소년수련관,35.31771933,127.4621944,0,0,0,0,0
구례군청소년수련관,35.31771933,127.4621944,5332,3962,1370,0,0
구례자연드림파크,35.27438276,127.4148213,287579,122695,126071,38813,0
구례자연드림파크,35.27438276,127.4148213,287579,122695,126071,38813,0
농협중앙회구례연수원,35.22454874,127.4467416,14136,6681,6407,1048,0
농협중앙회구례연수원,35.22454874,127.4467416,14136,6681,6407,1048,0
산수유사랑공원,35.31955509,127.4692483,208120,93982,94150,19988,0
산수유사랑공원,35.31955509,127.4692483,208120,93982,94150,19988,0
섬진강대숲길,35.18681179,127.4654373,46122,0,0,46122,0
섬진강대숲길,35.18681179,127.4654373,46122,0,0,46122,0
섬진강어류생태관,35.18779387,127.5456171,243210,102135,115156,25919,0
섬진강어류생태관,35.18779387,127.5456171,0,0,0,0,0
섬진강어류생태관,35.18779387,127.5456171,243210,102135,115156,25919,0
수락폭포,35.34420863,127.4563732,110832,44998,37839,27995,0
수락폭포,35.34420863,127.4563732,110832,44998,37839,27995,0
야생화자연생태학습장,35.19678013,127.4603845,43895,22152,18169,3574,0
야생화자연생태학습장,35.19678013,127.4603845,34,0,34,0,0
야생화자연생태학습장,35.19678013,127.4603845,43929,22152,18203,3574,0
야생화테마랜드,35.28772854,127.4389929,34790,9542,14774,10474,0
야생화테마랜드,35.28772854,127.4389929,0,0,0,0,0
야생화테마랜드,35.28772854,127.4389929,34790,9542,14774,10474,0
오산사성암,35.1796854,127.480774,498351,186418,192112,119821,0
오산사성암,35.1796854,127.480774,498351,186418,192112,119821,0
운조루유물전시관,35.20524313,127.5140698,26291,11283,11062,3946,0
운조루유물전시관,35.20524313,127.5140698,51,20,26,5,0
운조루유물전시관,35.20524313,127.5140698,26342,11303,11088,3951,0
지리산국립공원(노고단),35.29380752,127.531391,918450,149394,505252,263804,0
지리산국립공원(노고단),35.29380752,127.531391,661,606,29,26,0
지리산국립공원(노고단),35.29380752,127.531391,919111,150000,505281,263830,0
지리산국립공원(연곡사),35.25458251,127.5892614,180679,68370,64588,47721,0
지리산국립공원(연곡사),35.25458251,127.5892614,194,178,16,0,0
지리산국립공원(연곡사),35.25458251,127.5892614,180873,68548,64604,47721,0
지리산국립공원(천은사),35.27369854,127.4763013,1493353,549715,493031,450607,0
지리산국립공원(천은사),35.27369854,127.4763013,954,604,350,0,0
지리산국립공원(천은사),35.27369854,127.4763013,1494307,550319,493381,450607,0
지리산국립공원(화엄사),35.25702164,127.4975899,1470492,555988,518166,396338,0
지리산국립공원(화엄사),35.25702164,127.4975899,1316,1017,280,19,0
지리산국립공원(화엄사),35.25702164,127.4975899,1471808,557005,518446,396357,0
지리산생태탐방연수원,35.24328371,127.4903871,45481,15906,23433,6142,0
지리산생태탐방연수원,35.24328371,127.4903871,45481,15906,23433,6142,0
지리산온천랜드(온천이용),35.31861838,127.4572855,453094,225465,189259,38370,0
지리산온천랜드(온천이용),35.31861838,127.4572855,200,200,0,0,0
지리산온천랜드(온천이용),35.31861838,127.4572855,453294,225665,189259,38370,0
지리산치즈랜드,35.27846944,127.4206121,16304,4167,4468,7669,0
지리산치즈랜드,35.27846944,127.4206121,16304,4167,4468,7669,0
지리산학생수련장,35.24709804,127.4633743,10039,5183,4695,161,0
지리산학생수련장,35.24709804,127.4633743,0,0,0,0,0
지리산학생수련장,35.24709804,127.4633743,10039,5183,4695,161,0
피아골,35.26027969,127.5832199,197702,68520,82360,46822,0
피아골,35.26027969,127.5832199,197702,68520,82360,46822,0
거금생태숲,34.45383839,127.2153406,38335,8785,17009,12541,0
거금생태숲,34.45383839,127.2153406,38335,8785,17009,12541,0
거금해양낚시공원,34.46946253,127.1042633,34629,8727,8199,17703,0
거금해양낚시공원,34.46946253,127.1042633,34629,8727,8199,17703,0
고흥분청문화박물관,34.62792337,127.323709,134530,39387,72025,23118,0
고흥분청문화박물관,34.62792337,127.323709,134530,39387,72025,23118,0
고흥우주천문과학관,34.55257373,127.1249284,33494,13979,13648,5867,0
고흥우주천문과학관,34.55257373,127.1249284,0,0,0,0,0
고흥우주천문과학관,34.55257373,127.1249284,33494,13979,13648,5867,0
국립고흥청소년우주체험센터,34.53301771,127.4682254,95585,47853,40369,7363,0
국립고흥청소년우주체험센터,34.53301771,127.4682254,0,0,0,0,0
국립고흥청소년우주체험센터,34.53301771,127.4682254,95585,47853,40369,7363,0
김일 기념관,34.45579803,127.1230638,167701,40982,92794,33925,0
김일 기념관,34.45579803,127.1230638,167701,40982,92794,33925,0
나로우주과학관,34.45371112,127.5181426,277046,106712,118807,51527,0
나로우주과학관,34.45371112,127.5181426,0,0,0,0,0
나로우주과학관,34.45371112,127.5181426,277046,106712,118807,51527,0
녹동항 인공섬(녹동항 바다정원),34.52547862,127.1339666,1058016,505469,356804,195743,0
녹동항 인공섬,34.52547862,127.1339666,1058016,505469,356804,195743,0
다도해상국립공원 팔영지구,34.62798171,127.4289473,152016,56884,46048,49084,0
다도해상국립공원 팔영지구,34.62798171,127.4289473,152016,56884,46048,49084,0
두방산,34.80333246,127.3169438,5765,0,2703,3062,0
두방산,34.80333246,127.3169438,5765,0,2703,3062,0
마복산,34.53673893,127.3888732,42222,0,21155,21067,0
마복산,34.53673893,127.3888732,42222,0,21155,21067,0
마복산목재문화체험장,34.55021546,127.376242,86666,39353,26662,20651,0
마복산목재문화체험장,34.55021546,127.376242,86666,39353,26662,20651,0
발포역사전시체험관,34.48401813,127.3398415,4674,1976,2080,618,0
발포역사전시체험관,34.48401813,127.3398415,0,0,0,0,0
발포역사전시체험관,34.48401813,127.3398415,4674,1976,2080,618,0
봉래산,35.08195348,129.0552006,69980,21858,25562,22560,0
봉래산,35.08195348,129.0552006,69980,21858,25562,22560,0
봉황산,34.60386643,127.2850782,49348,0,26333,23015,0
봉황산,34.60386643,127.2850782,49348,0,26333,23015,0
소록도(한센인박물관),34.51211334,127.119173,657477,0,581023,76454,0
소록도(한센인박물관),34.51211334,127.119173,657477,0,581023,76454,0
시호도,34.54295686,127.447795,2106,1160,867,79,0
시호도,34.54295686,127.447795,2106,1160,867,79,0
애도(쑥섬),34.46454194,127.4484241,54110,1260,22854,29996,0
애도,34.46454194,127.4484241,54110,1260,22854,29996,0
앵무새 체험장,34.53859336,127.3572563,24450,10320,12100,2030,0
앵무새 체험장,34.53859336,127.3572563,24450,10320,12100,2030,0
연홍미술관,34.46198686,127.0895376,63398,13557,31326,18515,0
연홍미술관,34.46198686,127.0895376,63398,13557,31326,18515,0
용바위공원(용바위),34.59449206,127.505819,8010,0,6021,1989,0
용바위공원,34.59449206,127.505819,8010,0,6021,1989,0
우주발사전망대,34.58511155,127.4921388,175096,61325,56767,57004,0
우주발사전망대,34.58511155,127.4921388,0,0,0,0,0
우주발사전망대,34.58511155,127.4921388,175096,61325,56767,57004,0
적대봉,34.46222163,127.1802779,43672,16177,13451,14044,0
적대봉,34.46222163,127.1802779,43672,16177,13451,14044,0
천등산,34.5418369,127.2780843,9382,0,3547,5835,0
천등산,34.5418369,127.2780843,9382,0,3547,5835,0
팔영산 편백치유의숲,34.60248469,127.4127281,70299,0,28376,41923,0
팔영산 편백치유의숲,34.60248469,127.4127281,70299,0,28376,41923,0
팔영산자연휴양림,34.62131844,127.4401553,93785,42584,38982,12219,0
팔영산자연휴양림,34.62131844,127.4401553,0,0,0,0,0
팔영산자연휴양림,34.62131844,127.4401553,93785,42584,38982,12219,0
해창만 오토캠핑장,34.58226661,127.3934516,19628,6457,5735,7436,0
해창만 오토캠핑장,34.58226661,127.3934516,19628,6457,5735,7436,0
강골전통마을,34.76148597,127.1856763,969,294,675,0,0
강골전통마을,34.76148597,127.1856763,0,0,0,0,0
강골전통마을,34.76148597,127.1856763,969,294,675,0,0
대한다원,34.71563047,127.0787851,696405,260601,231249,204555,0
대한다원,34.71563047,127.0787851,0,0,0,0,0
대한다원,34.71563047,127.0787851,696405,260601,231249,204555,0
득량만 바다낚시공원,34.69481746,127.1878149,10307,3103,3908,3296,0
득량만 바다낚시공원,34.69481746,127.1878149,10307,3103,3908,3296,0
미력옹기,34.79648261,127.0908398,6124,1362,3893,869,0
미력옹기,34.79648261,127.0908398,0,0,0,0,0
미력옹기,34.79648261,127.0908398,6124,1362,3893,869,0
방진관,34.77352399,127.0806678,12611,0,9514,3097,0
방진관,34.77352399,127.0806678,12611,0,9514,3097,0
벌교금융조합,34.8456956,127.3427048,23230,0,20021,3209,0
벌교금융조합,34.8456956,127.3427048,23230,0,20021,3209,0
보성CC,34.8201119,127.2249263,259047,80016,86381,92650,0
보성CC,34.8201119,127.2249263,0,0,0,0,0
보성CC,34.8201119,127.2249263,259047,80016,86381,92650,0
보성군 티벳박물관,34.95909194,127.1320628,18228,7469,8176,2583,0
보성군 티벳박물관,34.95909194,127.1320628,0,0,0,0,0
보성군 티벳박물관,34.95909194,127.1320628,18228,7469,8176,2583,0
보성군백민미술관,34.96690704,127.1601059,67127,21216,29814,16097,0
보성군백민미술관,34.96690704,127.1601059,67127,21216,29814,16097,0
보성비봉공룡공원,34.70777529,127.1971579,242050,142309,66172,33569,0
보성비봉공룡공원,34.70777529,127.1971579,242050,142309,66172,33569,0
율포해수녹차센터,34.67042487,127.0887293,462524,140568,246981,74975,0
율포해수녹차센터,34.67042487,127.0887293,0,0,0,0,0
율포해수녹차센터,34.67042487,127.0887293,462524,140568,246981,74975,0
율포해수풀장,34.6702869,127.0874649,36500,17712,18788,0,0
율포해수풀장,34.6702869,127.0874649,0,0,0,0,0
율포해수풀장,34.6702869,127.0874649,36500,17712,18788,0,0
일림산 입구,34.67932786,127.0262088,71670,37382,12136,22152,0
일림산 입구,34.67932786,127.0262088,71670,37382,12136,22152,0
제암산 자연휴양림,34.69932653,126.9879319,392697,192722,146886,53089,0
제암산 자연휴양림,34.69932653,126.9879319,0,0,0,0,0
제암산 자연휴양림,34.69932653,126.9879319,392697,192722,146886,53089,0
천연염색공예관,34.77575014,127.1300999,22256,7630,13812,814,0
천연염색공예관,34.77575014,127.1300999,0,0,0,0,0
천연염색공예관,34.77575014,127.1300999,22256,7630,13812,814,0
태백산맥문학관,34.84920934,127.3522337,104013,44003,49751,10259,0
태백산맥문학관,34.84920934,127.3522337,0,0,0,0,0
태백산맥문학관,34.84920934,127.3522337,104013,44003,49751,10259,0
한국차박물관,34.71985129,127.0817285,554153,187354,332089,34710,0
한국차박물관,34.71985129,127.0817285,554153,187354,332089,34710,0
PGA골프장,35.0486442,127.022533,67233,26330,30055,10848,0
PGA골프장,35.0486442,127.022533,0,0,0,0,0
PGA골프장,35.0486442,127.022533,67233,26330,30055,10848,0
공룡발자국화석지,35.16977076,127.0896051,18852,12148,2168,4536,0
공룡발자국화석지,35.16977076,127.0896051,0,0,0,0,0
공룡발자국화석지,35.16977076,127.0896051,18852,12148,2168,4536,0
금호화순리조트(아쿠아나),35.16240032,127.0839958,878423,391406,315503,171514,0
금호화순리조트(아쿠아나),35.16240032,127.0839958,5136,2184,2952,0,0
금호화순리조트(아쿠아나),35.16240032,127.0839958,883559,393590,318455,171514,0
남광주컨트리클럽(엘리체CC),34.95390234,126.9209886,217325,62307,68942,86076,0
남광주컨트리클럽,34.95390234,126.9209886,0,0,0,0,0
남광주컨트리클럽,34.95390234,126.9209886,217325,62307,68942,86076,0
무등산 컨트리클럽,35.04738796,126.9360065,449062,137069,154619,157374,0
무등산 컨트리클럽,35.04738796,126.9360065,0,0,0,0,0
무등산 컨트리클럽,35.04738796,126.9360065,449062,137069,154619,157374,0
무등산 편백자연휴양림,35.09316166,127.0275579,120305,49311,48958,22036,0
무등산 편백자연휴양림,35.09316166,127.0275579,0,0,0,0,0
무등산 편백자연휴양림,35.09316166,127.0275579,120305,49311,48958,22036,0
무등산국립공원(교리),35.0672056,126.9823285,3448,1167,999,1282,0
무등산국립공원(교리),35.0672056,126.9823285,3448,1167,999,1282,0
무등산국립공원(너릿재),35.08101395,126.9520889,22644,6281,6043,10320,0
무등산국립공원(너릿재),35.08101395,126.9520889,22644,6281,6043,10320,0
무등산국립공원(도원마을),35.11296965,127.0315405,49863,19881,16224,13758,0
무등산국립공원(도원마을),35.11296965,127.0315405,49863,19881,16224,13758,0
무등산국립공원(들국화마을),35.09834649,127.0036021,10291,3189,3816,3286,0
무등산국립공원(들국화마을),35.09834649,127.0036021,10291,3189,3816,3286,0
무등산국립공원(만연사)(만연산),35.09178549,126.9923946,854065,296577,324854,232634,0
무등산국립공원(만연사),35.09178549,126.9923946,854065,296577,324854,232634,0
무등산국립공원(상상수목원)(무등산),35.13454962,126.9890982,15012,3297,3898,7817,0
무등산국립공원(상상수목원),35.13454962,126.9890982,15012,3297,3898,7817,0
무등산국립공원(안양산),35.10252709,127.0201965,17457,6687,7492,3278,0
무등산국립공원(안양산),35.10252709,127.0201965,17457,6687,7492,3278,0
무등산국립공원(장불재)(서석대),35.12123439,127.0027466,48638,19479,18374,10785,0
무등산국립공원(장불재),35.12123439,127.0027466,48638,19479,18374,10785,0
무등산국립공원(큰재),35.07174554,127.0000103,199599,82227,69554,47818,0
무등산국립공원(큰재),35.07174554,127.0000103,199599,82227,69554,47818,0
백아산자연휴양림,35.15218212,127.1681996,41784,16972,18424,6388,0
백아산자연휴양림,35.15218212,127.1681996,0,0,0,0,0
백아산자연휴양림,35.15218212,127.1681996,41784,16972,18424,6388,0
쌍봉사,34.88745755,127.0604862,64768,26607,24423,13738,0
쌍봉사,34.88745755,127.0604862,64768,26607,24423,13738,0
오지호기념관,35.06800498,127.130973,6974,2460,4182,332,0
오지호기념관,35.06800498,127.130973,6974,2460,4182,332,0
운주사,34.92582304,126.8800991,248884,98176,87774,62934,0
운주사,34.92582304,126.8800991,0,0,0,0,0
운주사,34.92582304,126.8800991,248884,98176,87774,62934,0
유마사,35.01828888,127.1713228,79605,21481,20507,37617,0
유마사,35.01828888,127.1713228,79605,21481,20507,37617,0
정암조광조선생적려유허비,34.99326121,126.9535687,17032,0,10893,6139,0
정암조광조선생적려유허비,34.99326121,126.9535687,0,0,0,0,0
정암조광조선생적려유허비,34.99326121,126.9535687,17032,0,10893,6139,0
조아벨리 컨트리클럽,34.98723153,126.9362109,106576,28066,33161,45349,0
조아벨리 컨트리클럽,34.98723153,126.9362109,0,0,0,0,0
조아벨리 컨트리클럽,34.98723153,126.9362109,106576,28066,33161,45349,0
충의사,35.03836722,127.0107518,4073,1786,1899,388,0
충의사,35.03836722,127.0107518,4073,1786,1899,388,0
하니움문화스포츠센터,35.04839372,126.9656219,310627,131788,166885,11954,0
하니움문화스포츠센터,35.04839372,126.9656219,0,0,0,0,0
하니움문화스포츠센터,35.04839372,126.9656219,310627,131788,166885,11954,0
한천자연휴양림,34.98637584,127.0393656,36738,18225,14049,4464,0
한천자연휴양림,34.98637584,127.0393656,0,0,0,0,0
한천자연휴양림,34.98637584,127.0393656,36738,18225,14049,4464,0
화순고인돌공원,34.98662326,126.9182649,152239,61933,56822,33484,0
화순고인돌공원,34.98662326,126.9182649,245,153,88,4,0
화순고인돌공원,34.98662326,126.9182649,152484,62086,56910,33488,0
화순적벽,35.1034995,127.0905246,52461,28673,23788,0,0
화순적벽,35.1034995,127.0905246,0,0,0,0,0
화순적벽,35.1034995,127.0905246,52461,28673,23788,0,0
화순컨트리클럽,34.97170779,126.9094074,356205,102803,120143,133259,0
화순컨트리클럽,34.97170779,126.9094074,0,0,0,0,0
화순컨트리클럽,34.97170779,126.9094074,356205,102803,120143,133259,0
JNJ골프리조트,34.79828624,126.970195,359051,65107,124627,143325,25992
JNJ골프리조트,34.79828624,126.970195,359051,65107,124627,143325,25992
방촌유물전시관,34.55097847,126.9433268,14511,6400,6554,1557,0
방촌유물전시관,34.55097847,126.9433268,14511,6400,6554,1557,0
보림사,34.8079523,126.896691,33178,0,0,25244,7934
보림사,34.8079523,126.896691,33178,0,0,25244,7934
심천공원 오토 캠핑장,34.75213959,126.8937972,31658,29205,2276,177,0
심천공원 오토 캠핑장,34.75213959,126.8937972,0,0,0,0,0
심천공원 오토 캠핑장,34.75213959,126.8937972,31658,29205,2276,177,0
유치자연휴양림,34.76967737,126.8325586,153581,59137,69091,23379,1974
유치자연휴양림,34.76967737,126.8325586,153581,59137,69091,23379,1974
장흥동학농민혁명기념관,34.66911923,126.8953332,7224,0,0,7224,0
장흥동학농민혁명기념관,34.66911923,126.8953332,7224,0,0,7224,0
정남진 물 과학관,34.68596916,126.8999241,49759,23312,23549,2898,0
정남진 물 과학관,34.68596916,126.8999241,0,0,0,0,0
정남진 물 과학관,34.68596916,126.8999241,49759,23312,23549,2898,0
정남진 전망대,34.5118184,126.9747219,125268,47629,50146,27493,0
정남진 전망대,34.5118184,126.9747219,0,0,0,0,0
정남진 전망대,34.5118184,126.9747219,125268,47629,50146,27493,0
정남진 천문과학관,34.65810583,126.9259105,29573,14476,12710,2387,0
정남진 천문과학관,34.65810583,126.9259105,0,0,0,0,0
정남진 천문과학관,34.65810583,126.9259105,29573,14476,12710,2387,0
정남진해양낚시공원,34.47062926,126.9762472,8337,3659,4634,44,0
정남진해양낚시공원,34.47062926,126.9762472,0,0,0,0,0
정남진해양낚시공원,34.47062926,126.9762472,8337,3659,4634,44,0
천관문학관,34.5156225,126.9034982,6153,0,0,6153,0
천관문학관,34.5156225,126.9034982,6153,0,0,6153,0
천관산자연휴양림,34.5452868,126.9020565,42799,13378,9871,16071,3479
천관산자연휴양림,34.5452868,126.9020565,42799,13378,9871,16071,3479
편백숲 우드랜드,34.66767333,126.9341791,1007081,454298,466221,84182,2380
편백숲 우드랜드,34.66767333,126.9341791,1542,1542,0,0,0
편백숲 우드랜드,34.66767333,126.9341791,1008623,455840,466221,84182,2380
해동사,34.74733462,126.9382531,5718,0,0,0,5718
해동사,34.74733462,126.9382531,5718,0,0,0,5718
가우도,34.53482417,126.7790359,1506086,680350,524946,300790,0
가우도,34.53482417,126.7790359,1506086,680350,524946,300790,0
강진군고려청자도요지(구 청자도요지),34.50859712,126.8008806,393367,208522,150083,34762,0
강진군고려청자도요지(구 청자도요지),34.50859712,126.8008806,274,11,253,10,0
강진군고려청자도요지(구 청자도요지),34.50859712,126.8008806,393641,208533,150336,34772,0
강진만 생태공원,34.62110229,126.7744533,593067,111263,229440,252364,0
강진만 생태공원,34.62110229,126.7744533,593067,111263,229440,252364,0
남미륵사,34.65306262,126.8554993,510387,217272,177222,115893,0
남미륵사,34.65306262,126.8554993,510387,217272,177222,115893,0
다산초당,34.58053934,126.7451741,822355,400289,356514,65552,0
다산초당,34.58053934,126.7451741,822355,400289,356514,65552,0
무위사,34.73846645,126.6869073,137586,30579,66857,40150,0
무위사,34.73846645,126.6869073,137586,30579,66857,40150,0
백련사,34.58772141,126.748209,169930,40443,73421,56066,0
백련사,34.58772141,126.748209,169930,40443,73421,56066,0
백운동 별서정원,34.74200232,126.6997651,101085,28387,44998,27700,0
백운동 별서정원,34.74200232,126.6997651,101085,28387,44998,27700,0
석문공원,34.56251352,126.7219847,115154,28883,54186,32085,0
석문공원,34.56251352,126.7219847,115154,28883,54186,32085,0
영랑생가,34.64214865,126.7651946,300440,120823,115870,63747,0
영랑생가,34.64214865,126.7651946,300440,120823,115870,63747,0
월출산국립공원(금릉경포대),34.75731209,126.6808213,345280,151566,129104,64610,0
월출산국립공원(금릉경포대),34.75731209,126.6808213,345280,151566,129104,64610,0
전라병영성(하멜표류지)(하멜기념관),34.71943015,126.8185745,108037,45979,54041,8017,0
전라병영성(하멜표류지),34.71943015,126.8185745,108037,45979,54041,8017,0
가학산자연휴양림,34.67220697,126.6158719,48609,19297,22486,6304,522
가학산자연휴양림,34.67220697,126.6158719,0,0,0,0,0
가학산자연휴양림,34.67220697,126.6158719,48609,19297,22486,6304,522
고산윤선도유적지,34.55080846,126.622245,104115,24173,25757,45959,8226
고산윤선도유적지,34.55080846,126.622245,809,153,589,67,0
고산윤선도유적지,34.55080846,126.622245,104924,24326,26346,46026,8226
금강골(금강골 가는길),34.57306326,126.6105854,275700,0,94401,151459,29840
금강골,34.57306326,126.6105854,275700,0,94401,151459,29840
달마산 도솔암,34.35468757,126.5630373,54513,0,0,43294,11219
달마산 도솔암,34.35468757,126.5630373,54513,0,0,43294,11219
대흥사,34.47632295,126.6168215,560962,132989,237939,162547,27487
대흥사,34.47632295,126.6168215,560962,132989,237939,162547,27487
두륜미로파크,34.49800479,126.6225132,47284,7864,9492,25513,4415
두륜미로파크,34.49800479,126.6225132,47284,7864,9492,25513,4415
두륜산 오소재 약수터,34.48473151,126.6486926,39570,0,16723,19329,3518
두륜산 오소재 약수터,34.48473151,126.6486926,39570,0,16723,19329,3518
두륜산 케이블카,34.49669066,126.6253873,488029,0,251335,211762,24932
두륜산 케이블카,34.49669066,126.6253873,488029,0,251335,211762,24932
땅끝 오토캠핑장,34.31016955,126.5207376,25145,0,11962,11483,1700
땅끝 오토캠핑장,34.31016955,126.5207376,25145,0,11962,11483,1700
땅끝관광지,34.2966992,126.5275907,603043,160314,147423,263776,31530
땅끝관광지,34.2966992,126.5275907,86,81,5,0,0
땅끝관광지,34.2966992,126.5275907,603129,160395,147428,263776,31530
목포 구 등대,34.76176038,126.2985021,28087,0,0,24988,3099
목포 구 등대,34.76176038,126.2985021,28087,0,0,24988,3099
미황사&달마고도,34.38288706,126.5773485,248376,47325,103751,80453,16847
미황사&달마고도,34.38288706,126.5773485,248376,47325,103751,80453,16847
오시아노 캠핑장,34.67064492,126.2606218,100936,0,35992,54753,10191
오시아노 캠핑장,34.67064492,126.2606218,100936,0,35992,54753,10191
우수영,34.57249558,126.3094991,163715,39383,45028,71469,7835
우수영,34.57249558,126.3094991,479,0,331,116,32
우수영,34.57249558,126.3094991,164194,39383,45359,71585,7867
우항리공룡박물관,34.58972128,126.4375014,374763,99968,90671,159024,25100
우항리공룡박물관,34.58972128,126.4375014,176,36,108,32,0
우항리공룡박물관,34.58972128,126.4375014,374939,100004,90779,159056,25100
파인비치 골프링크스,34.69664275,126.2622063,283868,52021,96634,114802,20411
파인비치 골프링크스,34.69664275,126.2622063,283868,52021,96634,114802,20411
국제자동차경주장,34.73811802,126.4154305,164373,0,0,164373,0
국제자동차경주장,34.73811802,126.4154305,164373,0,0,164373,0
도갑사,34.75277785,126.6629292,84024,36996,16681,30347,0
도갑사,34.75277785,126.6629292,1017,514,478,25,0
도갑사,34.75277785,126.6629292,85041,37510,17159,30372,0
도기박물관,34.80003163,126.6970402,92260,36671,35271,20318,0
도기박물관,34.80003163,126.6970402,1046,426,601,19,0
도기박물관,34.80003163,126.6970402,93306,37097,35872,20337,0
마한문화공원,34.89540685,126.584196,11907,3773,4635,3499,0
마한문화공원,34.89540685,126.584196,371,21,350,0,0
마한문화공원,34.89540685,126.584196,12278,3794,4985,3499,0
성기동관광지,34.75544553,126.6319527,121214,61442,39658,20114,0
성기동관광지,34.75544553,126.6319527,743,420,323,0,0
성기동관광지,34.75544553,126.6319527,121957,61862,39981,20114,0
아크로컨트리클럽,34.86689388,126.7890886,380413,117864,119554,142995,0
아크로컨트리클럽,34.86689388,126.7890886,10,10,0,0,0
아크로컨트리클럽,34.86689388,126.7890886,380423,117874,119554,142995,0
영산호관광농업박물관,34.77653718,126.4586946,479353,184873,227660,66820,0
영산호관광농업박물관,34.77653718,126.4586946,1494,610,884,0,0
영산호관광농업박물관,34.77653718,126.4586946,480847,185483,228544,66820,0
월출산국립공원(천황),34.75731399,126.680821,859935,227072,300368,332495,0
월출산국립공원(천황),34.75731399,126.680821,6648,4044,2489,115,0
월출산국립공원(천황),34.75731399,126.680821,866583,231116,302857,332610,0
남도소리울림터,34.80489107,126.4628144,38096,17339,20419,338,0
남도소리울림터,34.80489107,126.4628144,38096,17339,20419,338,0
목포대학교 박물관,34.90737354,126.4347557,25539,14600,10219,720,0
목포대학교 박물관,34.90737354,126.4347557,25539,14600,10219,720,0
못난이미술관,34.7835027,126.5115688,24770,0,18950,5820,0
못난이미술관,34.7835027,126.5115688,24770,0,18950,5820,0
무안생태갯벌센터(무안황토갯벌랜드),35.10378079,126.332976,400020,118672,193267,88081,0
무안생태갯벌센터,35.10378079,126.332976,852,522,330,0,0
무안생태갯벌센터,35.10378079,126.332976,400872,119194,193597,88081,0
무안종합스포츠파크,35.0025247,126.4478173,179657,90486,60277,28894,0
무안종합스포츠파크,35.0025247,126.4478173,179657,90486,60277,28894,0
무안컨트리클럽,34.96613537,126.4194476,516338,167453,163122,185763,0
무안컨트리클럽,34.96613537,126.4194476,0,0,0,0,0
무안컨트리클럽,34.96613537,126.4194476,516338,167453,163122,185763,0
무안클린밸리CC,34.94706145,126.4614415,243847,69195,88859,85793,0
무안클린밸리CC,34.94706145,126.4614415,0,0,0,0,0
무안클린밸리CC,34.94706145,126.4614415,243847,69195,88859,85793,0
분청사기명장전시관,34.92367344,126.4995728,4958,1985,2383,590,0
분청사기명장전시관,34.92367344,126.4995728,4958,1985,2383,590,0
송계어촌체험 관광마을(송계관광안내소),35.15280134,126.3396578,0,0,0,0,0
송계어촌체험 관광마을,35.15280134,126.3396578,0,0,0,0,0
송계어촌체험 관광마을,35.15280134,126.3396578,0,0,0,0,0
승달문화예술회관,34.99033529,126.4720289,57047,11919,42177,2951,0
승달문화예술회관,34.99033529,126.4720289,57047,11919,42177,2951,0
오승우미술관,34.85254686,126.4152031,21975,8490,9760,3725,0
오승우미술관,34.85254686,126.4152031,21975,8490,9760,3725,0
월선체험 휴양마을(월선농어촌인성학교),34.89228796,126.4563682,8617,3862,4115,640,0
월선체험 휴양마을,34.89228796,126.4563682,8617,3862,4115,640,0
장보고 전망대(전남도청),34.81621593,126.4629231,24780,12568,10881,1331,0
장보고 전망대,34.81621593,126.4629231,24780,12568,10881,1331,0
초의선사유적지(초의선사탄생지),34.85419785,126.4161103,28086,11043,13811,3232,0
초의선사유적지,34.85419785,126.4161103,28086,11043,13811,3232,0
테마승마장,34.86229059,126.4281478,6742,0,1722,5020,0
테마승마장,34.86229059,126.4281478,6742,0,1722,5020,0
파도목장(캠핑장),35.06491567,126.4504455,7450,0,7450,0,0
파도목장,35.06491567,126.4504455,7450,0,7450,0,0
항공우주전시장,34.96536825,126.5152526,56417,23477,21387,11553,0
항공우주전시장,34.96536825,126.5152526,2,0,2,0,0
항공우주전시장,34.96536825,126.5152526,56419,23477,21389,11553,0
회산백련지,34.86275242,126.5255293,538014,215184,211789,111041,0
회산백련지,34.86275242,126.5255293,538014,215184,211789,111041,0
일강김철선생기념관,35.18929545,126.4796849,25139,8588,13618,2933,0
일강김철선생기념관,35.18929545,126.4796849,0,0,0,0,0
일강김철선생기념관,35.18929545,126.4796849,25139,8588,13618,2933,0
함평생활유물전시관,35.14099361,126.6175808,2392,2392,0,0,0
함평생활유물전시관,35.14099361,126.6175808,0,0,0,0,0
함평생활유물전시관,35.14099361,126.6175808,2392,2392,0,0,0
함평양서파충류생태공원,35.1392532,126.4941271,192642,121600,71042,0,0
함평양서파충류생태공원,35.1392532,126.4941271,0,0,0,0,0
함평양서파충류생태공원,35.1392532,126.4941271,192642,121600,71042,0,0
함평엑스포공원,35.05544588,126.5223183,1386787,570757,734448,81582,0
함평엑스포공원,35.05544588,126.5223183,0,0,0,0,0
함평엑스포공원,35.05544588,126.5223183,1386787,570757,734448,81582,0
함평자연생태공원,35.1355377,126.5031288,193733,61173,96294,36266,0
함평자연생태공원,35.1355377,126.5031288,0,0,0,0,0
함평자연생태공원,35.1355377,126.5031288,193733,61173,96294,36266,0
기독교순교지,37.25793272,127.3024441,114018,49034,48856,16128,0
기독교순교지,37.25793272,127.3024441,114018,49034,48856,16128,0
백수노을전시관(영광노을전시관),35.35367358,126.3893776,640132,280970,243255,115907,0
백수노을전시관,35.35367358,126.3893776,640132,280970,243255,115907,0
백제불교 최초도래지,35.36152729,126.4310931,263313,106746,112139,44428,0
백제불교 최초도래지,35.36152729,126.4310931,263313,106746,112139,44428,0
불갑사 관광지(불갑사),35.20049529,126.5497594,1937590,859668,846342,231580,0
불갑사 관광지,35.20049529,126.5497594,1937590,859668,846342,231580,0
에콜리안cc 영광,35.29586886,126.4993438,107242,34012,35549,37681,0
에콜리안cc 영광,35.29586886,126.4993438,107242,34012,35549,37681,0
영광 스포티움,35.29008534,126.4969074,404477,150922,225445,28110,0
영광 스포티움,35.29008534,126.4969074,404477,150922,225445,28110,0
영광 해수온천랜드,35.35173709,126.3895561,0,0,0,0,0
영광 해수온천랜드,35.35173709,126.3895561,0,0,0,0,0
영광군 영광승마장,35.40475272,126.4511938,3378,590,1874,914,0
영광군 영광승마장,35.40475272,126.4511938,3378,590,1874,914,0
영광군 청소년 수련원,35.28096967,126.4243651,3966,3537,429,0,0
영광군 청소년 수련원,35.28096967,126.4243651,3966,3537,429,0,0
영광예술의전당,35.27420201,126.5073756,137415,67802,67138,2475,0
영광예술의전당,35.27420201,126.5073756,137415,67802,67138,2475,0
원불교 영산성지,35.3276543,126.4417012,44978,0,5152,39826,0
원불교 영산성지,35.3276543,126.4417012,44978,0,5152,39826,0
장암산 철쭉공원(장암산),35.2580008,126.5838296,15404,7346,4392,3666,0
장암산 철쭉공원,35.2580008,126.5838296,15404,7346,4392,3666,0
천주교 순교지(영광순교자기념성당),35.27271304,126.5139927,65144,19355,33295,12494,0
천주교 순교지,35.27271304,126.5139927,65144,19355,33295,12494,0
칠산타워(칠산대교),35.17033212,126.3628661,243698,65897,113825,63976,0
칠산타워,35.17033212,126.3628661,243698,65897,113825,63976,0
한빛원자력 발전소 홍보관,35.40869199,126.4164347,318118,185812,128250,4056,0
한빛원자력 발전소 홍보관,35.40869199,126.4164347,318118,185812,128250,4056,0
홍농 가마미 해수욕장,35.39873008,126.408665,76040,27151,26547,22342,0
홍농 가마미 해수욕장,35.39873008,126.408665,76040,27151,26547,22342,0
내장산국립공원(남창계곡),35.45783623,126.8410924,538506,185162,177461,151693,24190
내장산국립공원(남창계곡),35.45783623,126.8410924,538506,185162,177461,151693,24190
내장산국립공원(백양사),35.42849796,126.8792574,2090771,712238,737968,579678,60887
내장산국립공원(백양사),35.42849796,126.8792574,2090771,712238,737968,579678,60887
방장산휴양림,35.44397012,126.7514685,201410,77609,79585,40334,3882
방장산휴양림,35.44397012,126.7514685,0,0,0,0,0
방장산휴양림,35.44397012,126.7514685,201410,77609,79585,40334,3882
장성호 문화예술공원,35.41751794,126.8502357,152428,57406,50871,39125,5026
장성호 문화예술공원,35.41751794,126.8502357,152428,57406,50871,39125,5026
장성호 수변길,35.35591051,126.8182749,740955,0,293659,363731,83565
장성호 수변길,35.35591051,126.8182749,740955,0,293659,363731,83565
필암서원,35.31077582,126.752873,62458,15343,10867,30811,5437
필암서원,35.31077582,126.752873,0,0,0,0,0
필암서원,35.31077582,126.752873,62458,15343,10867,30811,5437
홍길동테마파크,35.31924691,126.7274305,223329,99964,69176,46115,8074
홍길동테마파크,35.31924691,126.7274305,223329,99964,69176,46115,8074
가고싶은 섬 생일도,34.32817218,126.9798786,112526,0,29613,56563,26350
가고싶은 섬 생일도,34.32817218,126.9798786,112526,0,29613,56563,26350
가고싶은섬 소안도,34.14823147,126.6521172,258096,0,74715,123475,59906
가고싶은섬 소안도,34.14823147,126.6521172,258096,0,74715,123475,59906
고금충무사,34.40080452,126.8603435,22320,0,0,14893,7427
고금충무사,34.40080452,126.8603435,22320,0,0,14893,7427
금당 팔경(금당면),34.4340155,127.0583325,113643,0,31416,55249,26978
금당 팔경,34.4340155,127.0583325,113643,0,31416,55249,26978
너구리의고장 평일도(금일도),34.36055326,127.0329246,362914,0,100852,178332,83730
너구리의고장 평일도,34.36055326,127.0329246,362914,0,100852,178332,83730
노화전복체험마을(노화읍),34.17795467,126.5755782,767516,0,229802,367413,170301
노화전복체험마을,34.17795467,126.5755782,767516,0,229802,367413,170301
당사도 등대,34.09805005,126.6019583,2893,0,810,1427,656
당사도 등대,34.09805005,126.6019583,2893,0,810,1427,656
슬로시티청산도(청산도),34.18265242,126.8865677,792407,267939,279151,159510,85807
슬로시티청산도,34.18265242,126.8865677,792407,267939,279151,159510,85807
신비의 섬 대모도(대모도),34.19501573,126.7607332,17566,0,4760,8649,4157
신비의 섬 대모도,34.19501573,126.7607332,17566,0,4760,8649,4157
완도군어촌민속전시관,34.30727972,126.6885283,39056,14395,21765,2322,574
완도군어촌민속전시관,34.30727972,126.6885283,0,0,0,0,0
완도군어촌민속전시관,34.30727972,126.6885283,39056,14395,21765,2322,574
완도타워,34.31074549,126.7666027,524622,213620,206989,75416,28597
완도타워,34.31074549,126.7666027,3260,1209,1548,337,166
완도타워,34.31074549,126.7666027,527882,214829,208537,75753,28763
윤선도유적지,34.55080723,126.6222479,198598,89627,73461,23540,11970
윤선도유적지,34.55080723,126.6222479,13,0,13,0,0
윤선도유적지,34.55080723,126.6222479,198611,89627,73474,23540,11970
장도 청해진 유적지,34.35858022,126.7351592,81722,0,0,59385,22337
장도 청해진 유적지,34.35858022,126.7351592,81722,0,0,59385,22337
장보고기념관,34.35505837,126.7302388,196952,104661,70548,15997,5746
장보고기념관,34.35505837,126.7302388,90,0,90,0,0
장보고기념관,34.35505837,126.7302388,197042,104661,70638,15997,5746
장보고동상,34.3434702,126.7324514,81247,0,0,55900,25347
장보고동상,34.3434702,126.7324514,81247,0,0,55900,25347
전라남도 수목원,34.36063749,126.6644261,271034,108592,103923,41991,16528
전라남도 수목원,34.36063749,126.6644261,0,0,0,0,0
전라남도 수목원,34.36063749,126.6644261,271034,108592,103923,41991,16528
진달래공원,34.36844056,126.9140036,23121,0,0,19843,3278
진달래공원,34.36844056,126.9140036,23121,0,0,19843,3278
해신세트장(소세포),34.32421641,126.670642,312519,130963,114304,48220,19032
해신세트장(소세포),34.32421641,126.670642,0,0,0,0,0
해신세트장(소세포),34.32421641,126.670642,312519,130963,114304,48220,19032
해양생태전시관,34.3515544,126.7314949,1386,0,0,0,1386
해양생태전시관,34.3515544,126.7314949,1386,0,0,0,1386
해조류센터,34.32074769,126.7487828,36540,0,0,25890,10650
해조류센터,34.32074769,126.7487828,36540,0,0,25890,10650
국립남도국악원,34.38490449,126.2248331,36664,23326,11133,2205,0
국립남도국악원,34.38490449,126.2248331,36664,23326,11133,2205,0
국립진도자연휴양림,34.35721123,126.1860039,60464,0,36090,24374,0
국립진도자연휴양림,34.35721123,126.1860039,60464,0,36090,24374,0
남도전통미술관,34.46687553,126.2951297,148250,0,97061,51189,0
남도전통미술관,34.46687553,126.2951297,148250,0,97061,51189,0
동석산,34.41820499,126.1196904,5844,0,3794,2050,0
동석산,34.41820499,126.1196904,5844,0,3794,2050,0
소전미술관,34.48695059,126.2646792,7071,2938,3397,736,0
소전미술관,34.48695059,126.2646792,0,0,0,0,0
소전미술관,34.48695059,126.2646792,7071,2938,3397,736,0
신비의바닷길 체험관,34.43154523,126.3514672,73415,19084,33322,21009,0
신비의바닷길 체험관,34.43154523,126.3514672,73415,19084,33322,21009,0
쏠비치 진도  인피니티(아쿠아)(쏠비치 진도 호텔&리조트),34.40075787,126.3274348,164950,0,0,164950,0
쏠비치 진도  인피니티(아쿠아),34.40075787,126.3274348,164950,0,0,164950,0
아리랑마을 관광지,34.38246127,126.2308779,21380,8343,8572,4465,0
아리랑마을 관광지,34.38246127,126.2308779,21380,8343,8572,4465,0
운림산방,34.46631879,126.3086474,429269,118483,185725,125061,0
운림산방,34.46631879,126.3086474,1005,0,1005,0,0
운림산방,34.46631879,126.3086474,430274,118483,186730,125061,0
울돌목 판옥선,34.57096885,126.3031686,33345,0,30370,2975,0
울돌목 판옥선,34.57096885,126.3031686,33345,0,30370,2975,0
장전미술관(구 남진미술관),34.42971523,126.2380299,1419,0,1248,171,0
장전미술관,34.42971523,126.2380299,1419,0,1248,171,0
조도,34.29691636,126.0514763,590110,196426,303591,90093,0
조도,34.29691636,126.0514763,0,0,0,0,0
조도,34.29691636,126.0514763,590110,196426,303591,90093,0
진도개테마파크,34.48268671,126.2830537,295969,71825,128502,95642,0
진도개테마파크,34.48268671,126.2830537,295969,71825,128502,95642,0
진도타워,34.56602369,126.3024713,656574,255083,253695,147796,0
진도타워,34.56602369,126.3024713,123,0,123,0,0
진도타워,34.56602369,126.3024713,656697,255083,253818,147796,0
첨찰산(운림산방.첨찰산),34.46584713,126.3049234,42946,0,28885,14061,0
첨찰산,34.46584713,126.3049234,42946,0,28885,14061,0
해양생태관,34.4347465,126.3529158,20640,6914,10136,3590,0
해양생태관,34.4347465,126.3529158,583,0,583,0,0
해양생태관,34.4347465,126.3529158,21223,6914,10719,3590,0
해양에너지공원,34.5706506,126.3014094,44171,0,31169,13002,0
해양에너지공원,34.5706506,126.3014094,44171,0,31169,13002,0
향토문화회관,34.47947819,126.2698671,51965,28975,21613,1377,0
향토문화회관,34.47947819,126.2698671,51965,28975,21613,1377,0
가거도,34.07143629,125.112922,25223,8508,8767,7948,0
가거도,34.07143629,125.112922,25223,8508,8767,7948,0
가란대교,34.86361827,126.3587833,0,0,0,0,0
가란대교,34.86361827,126.3587833,0,0,0,0,0
김환기고택,34.75274809,126.1217231,14875,0,0,14875,0
김환기고택,34.75274809,126.1217231,14875,0,0,14875,0
도초,34.69659341,125.9588304,60082,29315,18041,12726,0
도초,34.69659341,125.9588304,60082,29315,18041,12726,0
무한의 다리,34.92036198,126.0589269,165032,0,0,165032,0
무한의 다리,34.92036198,126.0589269,165032,0,0,165032,0
문준경전도사순교기념관,35.00224742,126.135576,63995,0,50375,13620,0
문준경전도사순교기념관,35.00224742,126.135576,63995,0,50375,13620,0
분계해변탐방로(분계해변),34.87118484,125.981361,180078,0,0,180078,0
분계해변탐방로,34.87118484,125.981361,180078,0,0,180078,0
비금도,34.76166945,125.9288277,282700,63790,109579,109331,0
비금도,34.76166945,125.9288277,282700,63790,109579,109331,0
서근등대,34.78817934,126.082987,3380,0,0,3380,0
서근등대,34.78817934,126.082987,3380,0,0,3380,0
세계화석광물박물관,34.71592857,126.1695742,15232,0,0,15232,0
세계화석광물박물관,34.71592857,126.1695742,15232,0,0,15232,0
세일요트 체험장(오도선착장),34.86177969,126.1575901,12347,0,8717,3630,0
세일요트 체험장,34.86177969,126.1575901,12347,0,8717,3630,0
신성목교(천사대교),34.86040967,126.1882369,20931,0,0,20931,0
신성목교,34.86040967,126.1882369,20931,0,0,20931,0
신의(신의도),34.54949019,126.0755348,81382,27518,27050,26814,0
신의,34.54949019,126.0755348,81382,27518,27050,26814,0
암태(암태도),34.84384596,126.0922265,327170,125277,106902,94991,0
암태,34.84384596,126.0922265,327170,125277,106902,94991,0
에로스서각박물관,34.85758664,126.1233066,486328,0,460931,25397,0
에로스서각박물관,34.85758664,126.1233066,486328,0,460931,25397,0
임자도,35.08940143,126.087791,415980,151383,157850,106747,0
임자도,35.08940143,126.087791,415980,151383,157850,106747,0
장산도,34.64289542,126.1548029,89256,28547,30749,29960,0
장산도,34.64289542,126.1548029,89256,28547,30749,29960,0
증도갯벌생태전시관,34.96459812,126.1376935,31669,0,23947,7722,0
증도갯벌생태전시관,34.96459812,126.1376935,31669,0,23947,7722,0
증도면 소금박물관,34.99618042,126.1755385,88066,0,55160,32906,0
증도면 소금박물관,34.99618042,126.1755385,12,0,12,0,0
증도면 소금박물관,34.99618042,126.1755385,88078,0,55172,32906,0
증도면 짱뚱어다리,34.99333852,126.1369299,460484,166739,212339,81406,0
증도면 짱뚱어다리,34.99333852,126.1369299,460484,166739,212339,81406,0
채일봉전망대(채일봉),34.78178415,126.1105261,2223,0,0,2223,0
채일봉전망대,34.78178415,126.1105261,2223,0,0,2223,0
천사섬 분재공원,34.84356138,126.2520752,426292,49335,278422,98535,0
천사섬 분재공원,34.84356138,126.2520752,125,35,81,9,0
천사섬 분재공원,34.84356138,126.2520752,426417,49370,278503,98544,0
팔금도,34.78568197,126.1365155,69823,57157,9323,3343,0
팔금도,34.78568197,126.1365155,69823,57157,9323,3343,0
퍼플교,34.71550454,126.1227054,469915,12886,260499,196530,0
퍼플교,34.71550454,126.1227054,469915,12886,260499,196530,0
하의(하의도),34.61079579,126.0247188,52353,15906,20909,15538,0
하의,34.61079579,126.0247188,52353,15906,20909,15538,0
홍도,34.69346354,125.201131,291020,120319,123871,46830,0
홍도,34.69346354,125.201131,291020,120319,123871,46830,0
흑산도,34.67058367,125.4195636,302317,121766,126575,53976,0
흑산도,34.67058367,125.4195636,302317,121766,126575,53976,0
