경기전,35.81528071,127.1497135,2021928,873564,807545,279667,61152
경기전,35.81528071,127.1497135,38247,17823,13982,5195,1247
경기전,35.81528071,127.1497135,2060175,891387,821527,284862,62399
국립전주박물관,35.80126965,127.0897422,981908,428928,445258,94800,12922
국립전주박물관,35.80126965,127.0897422,4524,1612,2710,176,26
국립전주박물관,35.80126965,127.0897422,986432,430540,447968,94976,12948
농촌진흥청 농업과학관,35.83109369,127.0562622,74477,0,70958,3519,0
농촌진흥청 농업과학관,35.83109369,127.0562622,74477,0,70958,3519,0
스파라쿠아 전주온천,35.817427,127.1156179,742433,296832,268693,153062,23846
스파라쿠아 전주온천,35.817427,127.1156179,0,0,0,0,0
스파라쿠아 전주온천,35.817427,127.1156179,742433,296832,268693,153062,23846
어린이창의체험관,35.85566734,127.1281031,25429,0,0,21243,4186
어린이창의체험관,35.85566734,127.1281031,25429,0,0,21243,4186
전북예술회관,35.81677687,127.1471182,4387,0,0,4387,0
전북예술회관,35.81677687,127.1471182,62,0,0,62,0
전북예술회관,35.81677687,127.1471182,4449,0,0,4449,0
전주동물원,35.85544992,127.1445772,1936836,772296,791195,247759,125586
전주동물원,35.85544992,127.1445772,31869,11153,14865,4893,958
전주동물원,35.85544992,127.1445772,1968705,783449,806060,252652,126544
전주한벽문화관,35.81202844,127.1584059,33467,16594,16010,863,0
전주한벽문화관,35.81202844,127.1584059,6644,2574,4070,0,0
전주한벽문화관,35.81202844,127.1584059,40111,19168,20080,863,0
전주한옥레일바이크,35.82953581,127.1761214,275636,117144,124757,24546,9189
전주한옥레일바이크,35.82953581,127.1761214,7591,2750,4583,220,38
전주한옥레일바이크,35.82953581,127.1761214,283227,119894,129340,24766,9227
전주한지박물관,35.84893697,127.1002406,55385,31410,23975,0,0
전주한지박물관,35.84893697,127.1002406,4136,2364,1772,0,0
전주한지박물관,35.84893697,127.1002406,59521,33774,25747,0,0
팔복예술공장,35.8607323,127.1010706,104775,0,61990,37053,5732
팔복예술공장,35.8607323,127.1010706,104775,0,61990,37053,5732
한국도로공사수목원,35.8709624,127.0543242,1549495,529258,646310,371564,2363
한국도로공사수목원,35.8709624,127.0543242,8197,8197,0,0,0
한국도로공사수목원,35.8709624,127.0543242,1557692,537455,646310,371564,2363
한국전통문화전당,35.82143042,127.148812,12513,0,0,11409,1104
한국전통문화전당,35.82143042,127.148812,12513,0,0,11409,1104
경암동철길마을,35.98128062,126.7370168,1428188,290710,727776,334783,74919
경암동철길마을,35.98128062,126.7370168,1428188,290710,727776,334783,74919
군산근대역사박물관,35.99077253,126.7121007,1834113,804004,779876,203840,46393
군산근대역사박물관,35.99077253,126.7121007,8286,4419,3867,0,0
군산근대역사박물관,35.99077253,126.7121007,1842399,808423,783743,203840,46393
군산새만금오토캠핑장,35.83577807,126.4952723,5288,5288,0,0,0
군산새만금오토캠핑장,35.83577807,126.4952723,0,0,0,0,0
군산새만금오토캠핑장,35.83577807,126.4952723,5288,5288,0,0,0
군산새만금컨벤션센터,35.94902208,126.5834336,638022,384397,202153,38046,13426
군산새만금컨벤션센터,35.94902208,126.5834336,2550,1300,1230,20,0
군산새만금컨벤션센터,35.94902208,126.5834336,640572,385697,203383,38066,13426
군산컨트리클럽,35.89792475,126.6594325,581288,163522,177959,203479,36328
군산컨트리클럽,35.89792475,126.6594325,0,0,0,0,0
군산컨트리클럽,35.89792475,126.6594325,581288,163522,177959,203479,36328
금강철새조망대,36.01982038,126.7653598,125868,48981,53700,19087,4100
금강철새조망대,36.01982038,126.7653598,0,0,0,0,0
금강철새조망대,36.01982038,126.7653598,125868,48981,53700,19087,4100
선유도,35.81053764,126.4164363,9375223,3078329,2974290,2880391,442213
선유도,35.81053764,126.4164363,9375223,3078329,2974290,2880391,442213
월영봉,35.81966508,126.4710945,19675,19423,252,0,0
월영봉,35.81966508,126.4710945,0,0,0,0,0
월영봉,35.81966508,126.4710945,19675,19423,252,0,0
은파호수공원,35.9571604,126.6890393,2060913,634910,670290,623295,132418
은파호수공원,35.9571604,126.6890393,2060913,634910,670290,623295,132418
청암산,35.92039049,126.7421204,434531,196886,134612,95779,7254
청암산,35.92039049,126.7421204,434531,196886,134612,95779,7254
청암산 오토캠핑장,35.9364087,126.756928,77940,17520,8548,43332,8540
청암산 오토캠핑장,35.9364087,126.756928,0,0,0,0,0
청암산 오토캠핑장,35.9364087,126.756928,77940,17520,8548,43332,8540
초원사진관,35.98767953,126.7083597,608968,145817,300001,146850,16300
초원사진관,35.98767953,126.7083597,608968,145817,300001,146850,16300
테디베어박물관,35.98564232,126.709492,114811,48054,40875,21093,4789
테디베어박물관,35.98564232,126.709492,0,0,0,0,0
테디베어박물관,35.98564232,126.709492,114811,48054,40875,21093,4789
가람문학관,36.03515907,127.0843727,13892,2553,6310,2494,2535
가람문학관,36.03515907,127.0843727,13892,2553,6310,2494,2535
고스락,36.04529342,126.961382,115653,0,0,83375,32278
고스락,36.04529342,126.961382,115653,0,0,83375,32278
나바위성당,36.13823902,126.9994309,248725,88239,113781,30699,16006
나바위성당,36.13823902,126.9994309,248725,88239,113781,30699,16006
달빛소리수목원,35.93946242,127.0336991,54698,0,0,49420,5278
달빛소리수목원,35.93946242,127.0336991,54698,0,0,49420,5278
마한박물관,36.00200338,127.0604167,157438,78548,47461,14846,16583
마한박물관,36.00200338,127.0604167,157438,78548,47461,14846,16583
미륵사지,36.01234254,127.0306436,1370135,243571,416564,562175,147825
미륵사지,36.01234254,127.0306436,3768,2003,1765,0,0
미륵사지,36.01234254,127.0306436,1373903,245574,418329,562175,147825
생태동물체험관 액션하우스,36.00686533,127.0547952,42911,0,0,35172,7739
생태동물체험관 액션하우스,36.00686533,127.0547952,42911,0,0,35172,7739
성당포구마을(금강체험관),36.13066557,126.9214095,26574,0,12047,11068,3459
성당포구마을(금강체험관),36.13066557,126.9214095,26574,0,12047,11068,3459
왕궁리유적전시관,35.97119455,127.0556393,349288,128682,139294,58393,22919
왕궁리유적전시관,35.97119455,127.0556393,877,252,537,77,11
왕궁리유적전시관,35.97119455,127.0556393,350165,128934,139831,58470,22930
왕궁보석테마관광지(보석박물관) ,35.99059137,127.1025748,400935,208403,150782,27309,14441
왕궁보석테마관광지(보석박물관) ,35.99059137,127.1025748,2292,963,1218,111,0
왕궁보석테마관광지(보석박물관) ,35.99059137,127.1025748,403227,209366,152000,27420,14441
왕궁보석테마관광지(화석전시관),35.9897563,127.1036984,146652,0,72726,52109,21817
왕궁보석테마관광지(화석전시관),35.9897563,127.1036984,146652,0,72726,52109,21817
웅포캠핑장,36.06613435,126.8766347,53531,13951,18286,11608,9686
웅포캠핑장,36.06613435,126.8766347,53531,13951,18286,11608,9686
익산교도소세트장,36.06932201,126.9315591,314303,52078,150279,67530,44416
익산교도소세트장,36.06932201,126.9315591,314303,52078,150279,67530,44416
익산근대역사관,35.93812048,126.9479949,17730,0,0,12249,5481
익산근대역사관,35.93812048,126.9479949,17730,0,0,12249,5481
입점리고분전시관,36.04681723,126.8721656,54454,22502,22797,4680,4475
입점리고분전시관,36.04681723,126.8721656,54454,22502,22797,4680,4475
함라한옥체험관(한옥마을협동조합),36.06226635,126.9099001,7942,0,0,4536,3406
함라한옥체험관,36.06226635,126.9099001,7942,0,0,4536,3406
국립전북기상과학관,35.5638086,126.8381862,36515,0,31751,3338,1426
국립전북기상과학관,35.5638086,126.8381862,0,0,0,0,0
국립전북기상과학관,35.5638086,126.8381862,36515,0,31751,3338,1426
김명관고택,35.61585547,127.0194412,44862,15183,17724,9123,2832
김명관고택,35.61585547,127.0194412,44862,15183,17724,9123,2832
꽃두레 행복마을 센터,35.55388943,126.7770429,4153,0,3069,857,227
꽃두레 행복마을 센터,35.55388943,126.7770429,0,0,0,0,0
꽃두레 행복마을 센터,35.55388943,126.7770429,4153,0,3069,857,227
내장산 골프앤리조트,35.50060339,126.8687572,121741,0,0,80771,40970
내장산 골프앤리조트,35.50060339,126.8687572,121741,0,0,80771,40970
내장산국립공원(정읍시),35.47968565,126.8879301,3041710,999913,957861,786483,297453
내장산국립공원(정읍시),35.47968565,126.8879301,88694,51598,34615,2481,0
내장산국립공원(정읍시),35.47968565,126.8879301,3130404,1051511,992476,788964,297453
동학농민혁명기념관,35.63048571,126.8301165,48234,17019,20352,7518,3345
동학농민혁명기념관,35.63048571,126.8301165,48234,17019,20352,7518,3345
무성서원,35.60184674,126.9838515,50858,13081,22698,12090,2989
무성서원,35.60184674,126.9838515,213,153,53,7,0
무성서원,35.60184674,126.9838515,51071,13234,22751,12097,2989
백정기의사기념관,35.6524412,126.7830119,18015,3811,9248,3588,1368
백정기의사기념관,35.6524412,126.7830119,18015,3811,9248,3588,1368
송참봉조선동네,35.67186412,126.7846005,10249,0,0,9720,529
송참봉조선동네,35.67186412,126.7846005,10249,0,0,9720,529
옥정호구절초테마공원,35.55339104,127.0179944,451119,78150,304303,0,68666
옥정호구절초테마공원,35.55339104,127.0179944,1000,1000,0,0,0
옥정호구절초테마공원,35.55339104,127.0179944,452119,79150,304303,0,68666
정읍 시립미술관,35.55230331,126.8615658,82065,0,53367,14060,14638
정읍 시립미술관,35.55230331,126.8615658,0,0,0,0,0
정읍 시립미술관,35.55230331,126.8615658,82065,0,53367,14060,14638
정읍 첨단과학관,35.50952524,126.8347487,9854,0,8856,904,94
정읍 첨단과학관,35.50952524,126.8347487,0,0,0,0,0
정읍 첨단과학관,35.50952524,126.8347487,9854,0,8856,904,94
정읍시 내장산 국민여가캠핑장,35.52613718,126.8945554,60005,0,22998,22867,14140
정읍시 내장산 국민여가캠핑장,35.52613718,126.8945554,60005,0,22998,22867,14140
정읍시립박물관,35.52771309,126.8946454,116921,45359,50708,12664,8190
정읍시립박물관,35.52771309,126.8946454,116921,45359,50708,12664,8190
칠보물테마유원지(전시관),35.60667851,126.9853748,72783,44037,27773,731,242
칠보물테마유원지(전시관),35.60667851,126.9853748,72783,44037,27773,731,242
태산선비마을(태산선비문화관),35.60286503,126.988772,16375,0,13119,2690,566
태산선비마을,35.60286503,126.988772,0,0,0,0,0
태산선비마을,35.60286503,126.988772,16375,0,13119,2690,566
피향정,35.65131287,126.9429983,30892,10443,12612,6236,1601
피향정,35.65131287,126.9429983,30892,10443,12612,6236,1601
황토현권역 어울림센터,35.63514891,126.8326297,11328,0,7392,3260,676
황토현권역 어울림센터,35.63514891,126.8326297,0,0,0,0,0
황토현권역 어울림센터,35.63514891,126.8326297,11328,0,7392,3260,676
광한루원,35.40327868,127.3794432,3169406,1383160,1151808,528323,106115
광한루원,35.40327868,127.3794432,23229,5835,16416,870,108
광한루원,35.40327868,127.3794432,3192635,1388995,1168224,529193,106223
교룡산국민관광지(야영장),35.42794549,127.3643971,251207,83973,82579,68716,15939
교룡산국민관광지,35.42794549,127.3643971,251207,83973,82579,68716,15939
국악의성지,35.46047429,127.5676567,50505,21450,24427,3779,849
국악의성지,35.46047429,127.5676567,336,102,234,0,0
국악의성지,35.46047429,127.5676567,50841,21552,24661,3779,849
남원 백두대간 생태교육장 전시관,35.3984743,127.5077265,149683,61003,59721,26787,2172
남원 백두대간 생태교육장 전시관,35.3984743,127.5077265,149683,61003,59721,26787,2172
남원관광지(남원관광단지),35.40231749,127.3897713,3284198,1354485,1095246,756108,78359
남원관광지,35.40231749,127.3897713,15941,6830,8440,595,76
남원관광지,35.40231749,127.3897713,3300139,1361315,1103686,756703,78435
남원상록골프장,35.41712903,127.2971862,263848,85242,87500,74416,16690
남원상록골프장,35.41712903,127.2971862,263848,85242,87500,74416,16690
남원시 옻칠공예관,35.39539555,127.3589767,3105,0,1772,1160,173
남원시 옻칠공예관,35.39539555,127.3589767,3105,0,1772,1160,173
남원시립김병종미술관,35.398809,127.3895429,134525,19467,55992,42465,16601
남원시립김병종미술관,35.398809,127.3895429,258,71,119,36,32
남원시립김병종미술관,35.398809,127.3895429,134783,19538,56111,42501,16633
남원항공우주천문대,35.39968285,127.387581,65052,25243,29237,10572,0
남원항공우주천문대,35.39968285,127.387581,256,39,207,10,0
남원항공우주천문대,35.39968285,127.387581,65308,25282,29444,10582,0
만인의총,35.42047164,127.3773246,240484,75930,89844,60668,14042
만인의총,35.42047164,127.3773246,892,486,374,32,0
만인의총,35.42047164,127.3773246,241376,76416,90218,60700,14042
수지미술관,35.32719755,127.3476903,14821,6872,5584,2228,137
수지미술관,35.32719755,127.3476903,14821,6872,5584,2228,137
실상사,35.41700209,127.6354928,138068,46984,55183,33686,2215
실상사,35.41700209,127.6354928,1065,483,540,36,6
실상사,35.41700209,127.6354928,139133,47467,55723,33722,2221
지리산국립공원(남원시)(북부사무소),35.38951429,127.4616494,4183978,1472077,1622327,971721,117853
지리산국립공원(남원시),35.38951429,127.4616494,4183978,1472077,1622327,971721,117853
지리산길(1~3코스)(지리산길안내센터),35.4590716,127.6060011,779796,273861,282928,203843,19164
지리산길(1~3코스),35.4590716,127.6060011,779796,273861,282928,203843,19164
지리산허브밸리,35.43411465,127.5489651,220481,0,173025,42811,4645
지리산허브밸리,35.43411465,127.5489651,220481,0,173025,42811,4645
춘향테마파크,35.40162622,127.3867342,369316,162867,145940,53167,7342
춘향테마파크,35.40162622,127.3867342,2404,970,1339,95,0
춘향테마파크,35.40162622,127.3867342,371720,163837,147279,53262,7342
혼불문학관,35.48067204,127.3200285,190448,79162,81577,17636,12073
혼불문학관,35.48067204,127.3200285,1236,1173,53,0,10
혼불문학관,35.48067204,127.3200285,191684,80335,81630,17636,12083
김제 스파힐스 컨트리클럽,35.82607545,126.9173674,300456,79570,88837,92427,39622
김제 스파힐스 컨트리클럽,35.82607545,126.9173674,0,0,0,0,0
김제 스파힐스 컨트리클럽,35.82607545,126.9173674,300456,79570,88837,92427,39622
김제문화예술회관,35.80286673,126.8771994,14677,0,11758,1495,1424
김제문화예술회관,35.80286673,126.8771994,14677,0,11758,1495,1424
모악산도립공원,35.72943299,127.1100587,615250,139430,138084,187509,150227
모악산도립공원,35.72943299,127.1100587,4377,1308,1534,888,647
모악산도립공원,35.72943299,127.1100587,619627,140738,139618,188397,150874
벽골제관광지(벽골제관광안내소),35.75486406,126.8527346,2341325,932293,1360921,25653,22458
벽골제관광지,35.75486406,126.8527346,42956,5209,37513,147,87
벽골제관광지,35.75486406,126.8527346,2384281,937502,1398434,25800,22545
아리랑 문학마을,35.77453187,126.8429399,72072,30150,26632,8871,6419
아리랑 문학마을,35.77453187,126.8429399,72072,30150,26632,8871,6419
경천애인농촌사랑학교,36.01832776,127.253892,75293,35008,28130,11119,1036
경천애인농촌사랑학교,36.01832776,127.253892,0,0,0,0,0
경천애인농촌사랑학교,36.01832776,127.253892,75293,35008,28130,11119,1036
고산자연휴양림,35.95966311,127.2355204,372324,190513,94605,81403,5803
고산자연휴양림,35.95966311,127.2355204,4,4,0,0,0
고산자연휴양림,35.95966311,127.2355204,372328,190517,94605,81403,5803
고산창포마을,35.98733718,127.2590298,61417,26888,28357,4268,1904
고산창포마을,35.98733718,127.2590298,200,173,0,13,14
고산창포마을,35.98733718,127.2590298,61617,27061,28357,4281,1918
구이 안덕마을,35.69504985,127.0998387,161953,78565,62401,20014,973
구이 안덕마을,35.69504985,127.0998387,209,112,97,0,0
구이 안덕마을,35.69504985,127.0998387,162162,78677,62498,20014,973
놀토피아,35.99015602,127.2626002,178525,37156,101215,34385,5769
놀토피아,35.99015602,127.2626002,0,0,0,0,0
놀토피아,35.99015602,127.2626002,178525,37156,101215,34385,5769
대둔산케이블카,36.11664019,127.3297453,770907,330851,250527,162796,26733
대둔산케이블카,36.11664019,127.3297453,7545,4858,2235,229,223
대둔산케이블카,36.11664019,127.3297453,778452,335709,252762,163025,26956
대승한지마을,35.85446427,127.2945259,59724,11293,38717,9273,441
대승한지마을,35.85446427,127.2945259,451,250,201,0,0
대승한지마을,35.85446427,127.2945259,60175,11543,38918,9273,441
대아수목원,35.97339901,127.3037578,1036251,394830,435264,171945,34212
대아수목원,35.97339901,127.3037578,0,0,0,0,0
대아수목원,35.97339901,127.3037578,1036251,394830,435264,171945,34212
대한민국 술테마박물관,35.72588515,127.1363778,128633,46468,59954,17418,4793
대한민국 술테마박물관,35.72588515,127.1363778,746,714,32,0,0
대한민국 술테마박물관,35.72588515,127.1363778,129379,47182,59986,17418,4793
두억 봉서골마을,35.89019986,127.1780444,29341,14541,9943,4013,844
두억 봉서골마을,35.89019986,127.1780444,205,205,0,0,0
두억 봉서골마을,35.89019986,127.1780444,29546,14746,9943,4013,844
모악산도립공원(완주군),35.72944649,127.1100277,5780014,2323217,2686730,720039,50028
모악산도립공원(완주군),35.72944649,127.1100277,232903,123134,105268,4501,0
모악산도립공원(완주군),35.72944649,127.1100277,6012917,2446351,2791998,724540,50028
비봉 힐조타운,35.97354095,127.1591678,144509,98499,21251,22921,1838
비봉 힐조타운,35.97354095,127.1591678,147,147,0,0,0
비봉 힐조타운,35.97354095,127.1591678,144656,98646,21251,22921,1838
삼례문화예술촌,35.9059911,127.0661592,152501,53631,77509,21361,0
삼례문화예술촌,35.9059911,127.0661592,194,167,27,0,0
삼례문화예술촌,35.9059911,127.0661592,152695,53798,77536,21361,0
이서물고기마을,35.84424676,127.0310682,175465,92603,59758,18009,5095
이서물고기마을,35.84424676,127.0310682,2249,2249,0,0,0
이서물고기마을,35.84424676,127.0310682,177714,94852,59758,18009,5095
인덕두레마을,35.88004713,127.23351,8916,3971,3667,1183,95
인덕두레마을,35.88004713,127.23351,0,0,0,0,0
인덕두레마을,35.88004713,127.23351,8916,3971,3667,1183,95
전북도립미술관,35.72759222,127.1069223,304706,137349,134441,26715,6201
전북도립미술관,35.72759222,127.1069223,0,0,0,0,0
전북도립미술관,35.72759222,127.1069223,304706,137349,134441,26715,6201
청정테마센터(청정인성수련원),35.68618995,127.0999536,68884,32976,34987,640,281
청정테마센터,35.68618995,127.0999536,0,0,0,0,0
청정테마센터,35.68618995,127.0999536,68884,32976,34987,640,281
구봉산,35.92442326,127.4164845,139233,48866,47165,30462,12740
구봉산,35.92442326,127.4164845,139233,48866,47165,30462,12740
데미샘 자연휴양림,35.65974334,127.4630005,377023,165270,127123,69862,14768
데미샘 자연휴양림,35.65974334,127.4630005,0,0,0,0,0
데미샘 자연휴양림,35.65974334,127.4630005,377023,165270,127123,69862,14768
마이산 도립공원,35.76057095,127.4118469,2636296,815195,972015,550669,298417
마이산 도립공원,35.76057095,127.4118469,25682,10536,11862,2237,1047
마이산 도립공원,35.76057095,127.4118469,2661978,825731,983877,552906,299464
운장산자연휴양림,35.89352548,127.428021,182715,79649,47063,37641,18362
운장산자연휴양림,35.89352548,127.428021,0,0,0,0,0
운장산자연휴양림,35.89352548,127.428021,182715,79649,47063,37641,18362
진안가위박물관,35.76588953,127.4149766,69020,16065,34210,10317,8428
진안가위박물관,35.76588953,127.4149766,69020,16065,34210,10317,8428
진안고원치유숲,35.87412484,127.4190015,54109,10154,30582,9153,4220
진안고원치유숲,35.87412484,127.4190015,54109,10154,30582,9153,4220
진안홍삼스파,35.77617358,127.4174776,121207,57671,51453,12083,0
진안홍삼스파,35.77617358,127.4174776,5787,2522,3129,136,0
진안홍삼스파,35.77617358,127.4174776,126994,60193,54582,12219,0
나봄리조트,35.89733852,127.7731445,69311,0,0,59180,10131
나봄리조트,35.89733852,127.7731445,0,0,0,0,0
나봄리조트,35.89733852,127.7731445,69311,0,0,59180,10131
덕유산국립공원(구천동)(덕유산국립공원관리사무소),35.90071828,127.7751114,2601656,1020691,772269,628945,179751
덕유산국립공원(구천동),35.90071828,127.7751114,4461,2271,2032,158,0
덕유산국립공원(구천동),35.90071828,127.7751114,2606117,1022962,774301,629103,179751
덕유산국립공원(적상산),35.96625512,127.6969736,1046353,390843,343061,266916,45533
덕유산국립공원(적상산),35.96625512,127.6969736,1046353,390843,343061,266916,45533
덕유산국립공원(칠연지점)(칠연계곡),35.83455378,127.7110054,118520,45706,39079,27511,6224
덕유산국립공원(칠연지점),35.83455378,127.7110054,103,103,0,0,0
덕유산국립공원(칠연지점),35.83455378,127.7110054,118623,45809,39079,27511,6224
덕유산자연휴양림,35.90657858,127.8143248,272550,103931,104591,55456,8572
덕유산자연휴양림,35.90657858,127.8143248,0,0,0,0,0
덕유산자연휴양림,35.90657858,127.8143248,272550,103931,104591,55456,8572
머루와인동굴,35.96493394,127.6972607,399306,182814,112741,89648,14103
머루와인동굴,35.96493394,127.6972607,1855,1099,756,0,0
머루와인동굴,35.96493394,127.6972607,401161,183913,113497,89648,14103
무주덕유산리조트(레포츠),35.89159033,127.7335323,2963698,1132492,923072,707895,200239
무주덕유산리조트(레포츠),35.89159033,127.7335323,0,0,0,0,0
무주덕유산리조트(레포츠),35.89159033,127.7335323,2963698,1132492,923072,707895,200239
무주덕유산리조트(카니발)(카니발상가),35.89169719,127.7385196,1658502,664519,549447,376971,67565
무주덕유산리조트(카니발),35.89169719,127.7385196,0,0,0,0,0
무주덕유산리조트(카니발),35.89169719,127.7385196,1658502,664519,549447,376971,67565
무주안성cc,35.83006646,127.636528,209122,67190,61509,65576,14847
무주안성cc,35.83006646,127.636528,209122,67190,61509,65576,14847
무주종합수련원,36.00429319,127.6852414,49067,25069,22616,1382,0
무주종합수련원,36.00429319,127.6852414,0,0,0,0,0
무주종합수련원,36.00429319,127.6852414,49067,25069,22616,1382,0
무주향교,36.00790462,127.6661473,42872,23082,13306,5535,949
무주향교,36.00790462,127.6661473,583,300,250,23,10
무주향교,36.00790462,127.6661473,43455,23382,13556,5558,959
무주향로산자연휴양림,36.02059036,127.6674274,69474,0,22495,40867,6112
무주향로산자연휴양림,36.02059036,127.6674274,69474,0,22495,40867,6112
반디랜드,36.01111109,127.7587032,514881,211453,192930,94401,16097
반디랜드,36.01111109,127.7587032,1171,526,645,0,0
반디랜드,36.01111109,127.7587032,516052,211979,193575,94401,16097
자연환경연수원,35.83934782,127.6991388,12391,6964,3517,1883,27
자연환경연수원,35.83934782,127.6991388,0,0,0,0,0
자연환경연수원,35.83934782,127.6991388,12391,6964,3517,1883,27
적상산사고지,35.94844283,127.694645,55120,29397,19692,6031,0
적상산사고지,35.94844283,127.694645,264,172,76,16,0
적상산사고지,35.94844283,127.694645,55384,29569,19768,6047,0
최북미술관·김환태문학관,36.00299237,127.6653301,89006,52991,28666,4588,2761
최북미술관·김환태문학관,36.00299237,127.6653301,1049,801,218,28,2
최북미술관·김환태문학관,36.00299237,127.6653301,90055,53792,28884,4616,2763
태권도원,36.00961119,127.7765138,664119,299163,284509,67519,12928
태권도원,36.00961119,127.7765138,60529,28483,31871,142,33
태권도원,36.00961119,127.7765138,724648,327646,316380,67661,12961
한전양수발전처,35.96748888,127.7033712,194375,94093,77974,22308,0
한전양수발전처,35.96748888,127.7033712,132,55,64,13,0
한전양수발전처,35.96748888,127.7033712,194507,94148,78038,22321,0
논개 - 논개생가지,35.67827403,127.6204223,217634,117928,89551,9751,404
논개 - 논개생가지,35.67827403,127.6204223,870,436,413,21,0
논개 - 논개생가지,35.67827403,127.6204223,218504,118364,89964,9772,404
논개 - 의암사(논개사당),35.64380376,127.5227239,354404,142900,152944,58135,425
논개 - 의암사(논개사당),35.64380376,127.5227239,354404,142900,152944,58135,425
뜬봉샘,35.59277661,127.5012444,92805,40102,40188,11950,565
뜬봉샘,35.59277661,127.5012444,42,42,0,0,0
뜬봉샘,35.59277661,127.5012444,92847,40144,40188,11950,565
렛츠런팜 장수목장,35.72674593,127.6450336,16869,8352,8462,55,0
렛츠런팜 장수목장,35.72674593,127.6450336,16869,8352,8462,55,0
방화동가족휴가촌,35.59253227,127.5283861,217377,120022,60814,33568,2973
방화동가족휴가촌,35.59253227,127.5283861,0,0,0,0,0
방화동가족휴가촌,35.59253227,127.5283861,217377,120022,60814,33568,2973
와룡자연휴양림,35.67671497,127.4764417,138868,61427,58444,18091,906
와룡자연휴양림,35.67671497,127.4764417,0,0,0,0,0
와룡자연휴양림,35.67671497,127.4764417,138868,61427,58444,18091,906
장수가야홍보관,35.64102211,127.5180943,2666,0,0,2385,281
장수가야홍보관,35.64102211,127.5180943,2666,0,0,2385,281
장수골프리조트,35.67841553,127.595641,125272,0,36298,77002,11972
장수골프리조트,35.67841553,127.595641,125272,0,36298,77002,11972
장수누리파크,35.64112678,127.5234031,71952,28381,19864,22280,1427
장수누리파크,35.64112678,127.5234031,71952,28381,19864,22280,1427
장수도깨비전시관,35.67787122,127.6215578,59714,26108,24650,7668,1288
장수도깨비전시관,35.67787122,127.6215578,626,320,237,57,12
장수도깨비전시관,35.67787122,127.6215578,60340,26428,24887,7725,1300
장수승마레저파크,35.65628077,127.5110472,30281,15999,13079,1203,0
장수승마레저파크,35.65628077,127.5110472,0,0,0,0,0
장수승마레저파크,35.65628077,127.5110472,30281,15999,13079,1203,0
전해산 기념관,35.50189644,127.5373887,2687,0,1906,731,50
전해산 기념관,35.50189644,127.5373887,2687,0,1906,731,50
정인승기념관,35.80550341,127.6381507,8960,4226,3671,1000,63
정인승기념관,35.80550341,127.6381507,0,0,0,0,0
정인승기념관,35.80550341,127.6381507,8960,4226,3671,1000,63
국립임실호국원,35.55179768,127.1903047,281486,61632,152710,56747,10397
국립임실호국원,35.55179768,127.1903047,281486,61632,152710,56747,10397
도화지도예문화원,35.72296363,127.2668825,4375,1476,1106,1793,0
도화지도예문화원,35.72296363,127.2668825,0,0,0,0,0
도화지도예문화원,35.72296363,127.2668825,4375,1476,1106,1793,0
사선대 해피랜드,35.66808465,127.2670294,0,0,0,0,0
사선대 해피랜드,35.66808465,127.2670294,0,0,0,0,0
사선대 해피랜드,35.66808465,127.2670294,0,0,0,0,0
섬진강댐 물문화관,35.60639602,127.110307,118873,49039,52772,17062,0
섬진강댐 물문화관,35.60639602,127.110307,118873,49039,52772,17062,0
성수산자연휴양림,35.63807859,127.4071899,0,0,0,0,0
성수산자연휴양림,35.63807859,127.4071899,0,0,0,0,0
성수산자연휴양림,35.63807859,127.4071899,0,0,0,0,0
세심자연휴양림,35.51415166,127.2401462,8350,3995,3014,1341,0
세심자연휴양림,35.51415166,127.2401462,0,0,0,0,0
세심자연휴양림,35.51415166,127.2401462,8350,3995,3014,1341,0
소충사,35.621802,127.3469814,4817,1470,2643,645,59
소충사,35.621802,127.3469814,4817,1470,2643,645,59
임실치즈마을,35.63623281,127.2948211,36376,19766,16289,321,0
임실치즈마을,35.63623281,127.2948211,263,135,128,0,0
임실치즈마을,35.63623281,127.2948211,36639,19901,16417,321,0
임실치즈스쿨,35.54891808,127.2611109,0,0,0,0,0
임실치즈스쿨,35.54891808,127.2611109,0,0,0,0,0
임실치즈스쿨,35.54891808,127.2611109,0,0,0,0,0
임실치즈요리체험학교,35.54798975,127.1049755,0,0,0,0,0
임실치즈요리체험학교,35.54798975,127.1049755,0,0,0,0,0
임실치즈요리체험학교,35.54798975,127.1049755,0,0,0,0,0
임실치즈테마파크,35.63281072,127.3014217,1598037,229076,468201,720940,179820
임실치즈테마파크,35.63281072,127.3014217,526,526,0,0,0
임실치즈테마파크,35.63281072,127.3014217,1598563,229602,468201,720940,179820
전북119안전체험관,35.60410749,127.283737,366801,160796,163035,35013,7957
전북119안전체험관,35.60410749,127.283737,2351,565,1786,0,0
전북119안전체험관,35.60410749,127.283737,369152,161361,164821,35013,7957
전북종합사격장,35.58644347,127.1929676,56294,23882,17748,13383,1281
전북종합사격장,35.58644347,127.1929676,4,4,0,0,0
전북종합사격장,35.58644347,127.1929676,56298,23886,17748,13383,1281
청소년수련원,35.67286488,127.2774774,51622,28073,22688,861,0
청소년수련원,35.67286488,127.2774774,0,0,0,0,0
청소년수련원,35.67286488,127.2774774,51622,28073,22688,861,0
필봉농악전수교육관,35.53668007,127.1547947,119902,61197,53208,5096,401
필봉농악전수교육관,35.53668007,127.1547947,584,387,197,0,0
필봉농악전수교육관,35.53668007,127.1547947,120486,61584,53405,5096,401
강천산 군립공원,35.40419563,127.0490414,2880991,1073212,1024209,714913,68657
강천산 군립공원,35.40419563,127.0490414,14135,4654,9326,136,19
강천산 군립공원,35.40419563,127.0490414,2895126,1077866,1033535,715049,68676
고추장익는마을,35.48316539,127.1166345,39343,18412,19951,980,0
고추장익는마을,35.48316539,127.1166345,0,0,0,0,0
고추장익는마을,35.48316539,127.1166345,39343,18412,19951,980,0
금과황토열매마을,35.31924544,127.0544096,6237,1357,3053,1607,220
금과황토열매마을,35.31924544,127.0544096,0,0,0,0,0
금과황토열매마을,35.31924544,127.0544096,6237,1357,3053,1607,220
녹두장군 전봉준관,35.52423361,127.0125312,5010,2449,1591,966,4
녹두장군 전봉준관,35.52423361,127.0125312,5010,2449,1591,966,4
발효소스토굴,35.36734657,127.1027785,176849,62424,87407,22686,4332
발효소스토굴,35.36734657,127.1027785,0,0,0,0,0
발효소스토굴,35.36734657,127.1027785,176849,62424,87407,22686,4332
산림박물관,35.4788759,126.9249639,428056,173199,188469,60172,6216
산림박물관,35.4788759,126.9249639,0,0,0,0,0
산림박물관,35.4788759,126.9249639,428056,173199,188469,60172,6216
섬진강 미술관,35.43576156,127.2286718,8542,2623,3145,2283,491
섬진강 미술관,35.43576156,127.2286718,0,0,0,0,0
섬진강 미술관,35.43576156,127.2286718,8542,2623,3145,2283,491
섬진강 자전거길(순창 장군목 구간)(매화마을 인증센터),35.07915297,127.7217108,134411,69277,52724,2631,9779
섬진강 자전거길(순창 장군목 구간),35.07915297,127.7217108,134411,69277,52724,2631,9779
섬진강 향가오토캠핑장,35.33905249,127.191843,87231,31810,26948,24695,3778
섬진강 향가오토캠핑장,35.33905249,127.191843,0,0,0,0,0
섬진강 향가오토캠핑장,35.33905249,127.191843,87231,31810,26948,24695,3778
순창건강장수체험과학관(순창건강장수연구소),35.43148281,127.1302681,27956,11607,14584,1629,136
순창건강장수체험과학관,35.43148281,127.1302681,27956,11607,14584,1629,136
순창군 승마장,35.38327961,127.1133805,9557,4377,3718,1312,150
순창군 승마장,35.38327961,127.1133805,9557,4377,3718,1312,150
순창장류박물관,35.3697322,127.1111697,335,0,0,0,335
순창장류박물관,35.3697322,127.1111697,335,0,0,0,335
옥천골 미술관,35.37401736,127.1444224,30026,12715,11378,4728,1205
옥천골 미술관,35.37401736,127.1444224,0,0,0,0,0
옥천골 미술관,35.37401736,127.1444224,30026,12715,11378,4728,1205
웅이네캠핑장,35.40856642,126.9485835,34093,8000,12050,12440,1603
웅이네캠핑장,35.40856642,126.9485835,34093,8000,12050,12440,1603
장류체험관,35.36575179,127.1083533,36813,15506,18820,2487,0
장류체험관,35.36575179,127.1083533,56,0,0,56,0
장류체험관,35.36575179,127.1083533,36869,15506,18820,2543,0
채계산 출렁다리,35.41340979,127.2355633,640318,0,0,527836,112482
채계산 출렁다리,35.41340979,127.2355633,640318,0,0,527836,112482
회문산휴양림,35.50224343,127.1145979,145879,69907,45780,28160,2032
회문산휴양림,35.50224343,127.1145979,0,0,0,0,0
회문산휴양림,35.50224343,127.1145979,145879,69907,45780,28160,2032
훈몽재,35.4717312,126.9687855,28606,3663,10135,11057,3751
훈몽재,35.4717312,126.9687855,0,0,0,0,0
훈몽재,35.4717312,126.9687855,28606,3663,10135,11057,3751
고창고인돌유적,35.44873997,126.6498352,1844515,823579,816135,189976,14825
고창고인돌유적,35.44873997,126.6498352,978,578,344,30,26
고창고인돌유적,35.44873997,126.6498352,1845493,824157,816479,190006,14851
고창읍성,35.43070518,126.7048053,3545708,1606070,1654811,261293,23534
고창읍성,35.43070518,126.7048053,10381,6166,3700,389,126
고창읍성,35.43070518,126.7048053,3556089,1612236,1658511,261682,23660
고창컨트리클럽,35.51596624,126.5022924,259207,76040,80320,85753,17094
고창컨트리클럽,35.51596624,126.5022924,0,0,0,0,0
고창컨트리클럽,35.51596624,126.5022924,259207,76040,80320,85753,17094
골프존카운티선운,35.49212245,126.6441214,292702,93141,85968,96824,16769
골프존카운티선운,35.49212245,126.6441214,546,32,514,0,0
골프존카운티선운,35.49212245,126.6441214,293248,93173,86482,96824,16769
무장읍성,35.41881681,126.5572403,87203,28654,31106,23471,3972
무장읍성,35.41881681,126.5572403,127,98,29,0,0
무장읍성,35.41881681,126.5572403,87330,28752,31135,23471,3972
미당시문학관,35.53557417,126.6099995,238446,118232,115080,4554,580
미당시문학관,35.53557417,126.6099995,238446,118232,115080,4554,580
상하농원,35.44595771,126.4497197,490210,158896,162508,133414,35392
상하농원,35.44595771,126.4497197,0,0,0,0,0
상하농원,35.44595771,126.4497197,490210,158896,162508,133414,35392
석정온천관광지(휴스파),35.43165402,126.7411496,1671661,653424,646952,306064,65221
석정온천관광지(휴스파),35.43165402,126.7411496,630,80,0,0,550
석정온천관광지(휴스파),35.43165402,126.7411496,1672291,653504,646952,306064,65771
석정힐 컨트리클럽,35.42672108,126.7389357,286909,83302,89971,96902,16734
석정힐 컨트리클럽,35.42672108,126.7389357,286909,83302,89971,96902,16734
선운산 도립공원,35.50262145,126.5865476,4818038,1969355,1953861,827868,66954
선운산 도립공원,35.50262145,126.5865476,10792,4456,4139,1929,268
선운산 도립공원,35.50262145,126.5865476,4828830,1973811,1958000,829797,67222
장호갯벌체험마을,35.467888,126.4580485,85936,42694,41352,1890,0
장호갯벌체험마을,35.467888,126.4580485,0,0,0,0,0
장호갯벌체험마을,35.467888,126.4580485,85936,42694,41352,1890,0
판소리박물관,35.43228382,126.7026677,216076,103719,100178,9784,2395
판소리박물관,35.43228382,126.7026677,228,120,43,56,9
판소리박물관,35.43228382,126.7026677,216304,103839,100221,9840,2404
하전갯벌체험마을,35.53968262,126.5649208,480001,220949,221461,33091,4500
하전갯벌체험마을,35.53968262,126.5649208,455,433,22,0,0
하전갯벌체험마을,35.53968262,126.5649208,480456,221382,221483,33091,4500
금구원야외조각미술관,35.62054382,126.4890303,18724,7266,6676,4061,721
금구원야외조각미술관,35.62054382,126.4890303,3,0,0,3,0
금구원야외조각미술관,35.62054382,126.4890303,18727,7266,6676,4064,721
대명리조트변산 아쿠아월드,35.63214922,126.4699649,543403,247816,244087,51500,0
대명리조트변산 아쿠아월드,35.63214922,126.4699649,0,0,0,0,0
대명리조트변산 아쿠아월드,35.63214922,126.4699649,543403,247816,244087,51500,0
모항해나루가족호텔야외풀장(모항해나루가족호텔),35.58102393,126.5078415,9985,3486,3960,2539,0
모항해나루가족호텔야외풀장,35.58102393,126.5078415,0,0,0,0,0
모항해나루가족호텔야외풀장,35.58102393,126.5078415,9985,3486,3960,2539,0
변산반도국립공원(개암사),35.66040907,126.6531017,11737,0,0,0,11737
변산반도국립공원(개암사),35.66040907,126.6531017,11737,0,0,0,11737
변산반도국립공원(격포정문),35.6274564,126.4712913,60230,0,0,0,60230
변산반도국립공원(격포정문),35.6274564,126.4712913,60230,0,0,0,60230
변산반도국립공원(남여치)(변산반도국립공원),35.63009157,126.5517439,33029,12649,10989,7996,1395
변산반도국립공원(남여치),35.63009157,126.5517439,33029,12649,10989,7996,1395
변산반도국립공원(내변산),35.64011482,126.5805063,296683,101398,95903,85741,13641
변산반도국립공원(내변산),35.64011482,126.5805063,296683,101398,95903,85741,13641
변산반도국립공원(내소사),35.61002448,126.5881646,1708349,602870,668326,374506,62647
변산반도국립공원(내소사),35.61002448,126.5881646,3686,2170,1239,246,31
변산반도국립공원(내소사),35.61002448,126.5881646,1712035,605040,669565,374752,62678
변산반도국립공원(원암),35.60632655,126.5847426,42645,13938,13684,12451,2572
변산반도국립공원(원암),35.60632655,126.5847426,42645,13938,13684,12451,2572
부안누에타운,35.63194566,126.5130246,254074,105406,122601,24148,1919
부안누에타운,35.63194566,126.5130246,1793,1275,499,17,2
부안누에타운,35.63194566,126.5130246,255867,106681,123100,24165,1921
부안청자박물관,35.61172312,126.6514411,250179,104265,113469,29775,2670
부안청자박물관,35.61172312,126.6514411,1693,931,705,21,36
부안청자박물관,35.61172312,126.6514411,251872,105196,114174,29796,2706
상록해수욕장,35.60115932,126.4805967,59319,29939,27549,1612,219
상록해수욕장,35.60115932,126.4805967,0,0,0,0,0
상록해수욕장,35.60115932,126.4805967,59319,29939,27549,1612,219
새만금전시관(새만금홍보관),35.69710108,126.5591772,614922,287653,281779,44037,1453
새만금전시관,35.69710108,126.5591772,614922,287653,281779,44037,1453
석정문학관,35.74010853,126.7351687,38306,16093,17940,4138,135
석정문학관,35.74010853,126.7351687,38306,16093,17940,4138,135
신재생에너지테마파크 ,35.71190785,126.5980562,111663,58668,50424,2571,0
신재생에너지테마파크 ,35.71190785,126.5980562,0,0,0,0,0
신재생에너지테마파크 ,35.71190785,126.5980562,111663,58668,50424,2571,0
영상테마파크,35.62205152,126.4837989,129374,72613,56761,0,0
영상테마파크,35.62205152,126.4837989,0,0,0,0,0
영상테마파크,35.62205152,126.4837989,129374,72613,56761,0,0
원숭이학교,35.66826868,126.6716972,180987,106118,72115,2754,0
원숭이학교,35.66826868,126.6716972,0,0,0,0,0
원숭이학교,35.66826868,126.6716972,180987,106118,72115,2754,0
위도,35.59759002,126.2826356,203852,77021,58725,62483,5623
위도,35.59759002,126.2826356,203852,77021,58725,62483,5623
줄포만갯벌생태공원,35.57955122,126.6664971,767461,389968,314875,61585,1033
줄포만갯벌생태공원,35.57955122,126.6664971,2033,1181,852,0,0
줄포만갯벌생태공원,35.57955122,126.6664971,769494,391149,315727,61585,1033
청림청소년수련시설(천문대),35.65770346,126.6149715,16631,7364,7540,1727,0
청림청소년수련시설(천문대),35.65770346,126.6149715,0,0,0,0,0
청림청소년수련시설(천문대),35.65770346,126.6149715,16631,7364,7540,1727,0
휘목미술관,35.59457301,126.5635328,31413,15611,13681,1508,613
휘목미술관,35.59457301,126.5635328,99,61,34,4,0
휘목미술관,35.59457301,126.5635328,31512,15672,13715,1512,613
